,Label,session,current_drive_mode
1358438,,5399.0,car/driveMode/0.0
1358439,,5399.0,car/driveMode/0.0
1358440,,5399.0,car/driveMode/0.0
1358441,,5399.0,car/driveMode/0.0
1358442,,5399.0,car/driveMode/0.0
1358443,,5399.0,car/driveMode/0.0
1358444,,5399.0,car/driveMode/0.0
1358445,,5399.0,car/driveMode/0.0
1358446,,5399.0,car/driveMode/0.0
1358447,,5399.0,car/driveMode/0.0
1358448,,5399.0,car/driveMode/0.0
1358449,,5399.0,car/driveMode/0.0
1358450,,5399.0,car/driveMode/0.0
1358451,,5399.0,car/driveMode/0.0
1358452,,5399.0,car/driveMode/0.0
1358453,,5399.0,car/driveMode/0.0
1358454,,5399.0,car/driveMode/0.0
1358455,,5399.0,car/driveMode/0.0
1358456,,5399.0,car/driveMode/0.0
1358457,,5399.0,car/driveMode/0.0
1358458,,5399.0,car/driveMode/0.0
1358459,,5399.0,car/driveMode/0.0
1358460,,5399.0,car/driveMode/0.0
1358461,,5399.0,car/driveMode/0.0
1358462,,5399.0,car/driveMode/0.0
1358463,,5399.0,car/driveMode/0.0
1358464,,5399.0,car/driveMode/0.0
1358465,,5399.0,car/driveMode/0.0
1358466,,5399.0,car/driveMode/0.0
1358467,,5399.0,car/driveMode/0.0
1358468,,5399.0,car/driveMode/0.0
1358469,,5399.0,car/driveMode/0.0
1358470,,5399.0,car/driveMode/0.0
1358471,,5399.0,car/driveMode/0.0
1358472,,5399.0,car/driveMode/0.0
1358473,,5399.0,car/driveMode/0.0
1358474,,5399.0,car/driveMode/0.0
1358475,,5399.0,car/driveMode/0.0
1358476,,5399.0,car/driveMode/0.0
1358477,,5399.0,car/driveMode/0.0
1358478,,5399.0,car/driveMode/0.0
1358479,,5399.0,car/driveMode/0.0
1358480,,5399.0,car/driveMode/0.0
1358481,,5399.0,car/driveMode/0.0
1358482,,5399.0,car/driveMode/0.0
1358483,,5399.0,car/driveMode/0.0
1358484,,5399.0,car/driveMode/0.0
1358485,,5399.0,car/driveMode/0.0
1358486,,5399.0,car/driveMode/0.0
1358487,,5399.0,car/driveMode/0.0
1358488,,5399.0,car/driveMode/0.0
1358489,,5399.0,car/driveMode/0.0
1358490,,5399.0,car/driveMode/0.0
1358491,,5399.0,car/driveMode/0.0
1358492,,5399.0,car/driveMode/0.0
1358493,,5399.0,car/driveMode/0.0
1358494,,5399.0,car/driveMode/0.0
1358495,,5399.0,car/driveMode/0.0
1358496,,5399.0,car/driveMode/0.0
1358497,,5399.0,car/driveMode/0.0
1358498,,5399.0,car/driveMode/0.0
1358499,,5399.0,car/driveMode/0.0
1358500,,5399.0,car/driveMode/0.0
1358501,,5399.0,car/driveMode/0.0
1358502,,5399.0,car/driveMode/0.0
1358503,,5399.0,car/driveMode/0.0
1358504,car/driveMode/0.0,5399.0,car/driveMode/0.0
1358505,,5399.0,car/driveMode/0.0
1358506,,5399.0,car/driveMode/0.0
1358507,,5399.0,car/driveMode/0.0
1358508,,5399.0,car/driveMode/0.0
1358509,,5399.0,car/driveMode/0.0
1358510,,5399.0,car/driveMode/0.0
1358511,,5399.0,car/driveMode/0.0
1358512,,5399.0,car/driveMode/0.0
1358513,,5399.0,car/driveMode/0.0
1358514,,5399.0,car/driveMode/0.0
1358515,,5399.0,car/driveMode/0.0
1358516,,5399.0,car/driveMode/0.0
1358517,,5399.0,car/driveMode/0.0
1358518,,5399.0,car/driveMode/0.0
1358519,,5399.0,car/driveMode/0.0
1358520,,5399.0,car/driveMode/0.0
1358521,,5399.0,car/driveMode/0.0
1358522,,5399.0,car/driveMode/0.0
1358523,,5399.0,car/driveMode/0.0
1358524,,5399.0,car/driveMode/0.0
1358525,,5399.0,car/driveMode/0.0
1358526,,5399.0,car/driveMode/0.0
1358527,,5399.0,car/driveMode/0.0
1358528,,5399.0,car/driveMode/0.0
1358529,,5399.0,car/driveMode/0.0
1358530,,5399.0,car/driveMode/0.0
1358531,,5399.0,car/driveMode/0.0
1358532,,5399.0,car/driveMode/0.0
1358533,,5399.0,car/driveMode/0.0
1358534,,5399.0,car/driveMode/0.0
1358535,,5399.0,car/driveMode/0.0
1358536,,5399.0,car/driveMode/0.0
1358537,,5399.0,car/driveMode/0.0
1358538,,5399.0,car/driveMode/0.0
1358539,,5399.0,car/driveMode/0.0
1358540,,5399.0,car/driveMode/0.0
1358541,,5399.0,car/driveMode/0.0
1358542,,5399.0,car/driveMode/0.0
1358543,,5399.0,car/driveMode/0.0
1358544,,5399.0,car/driveMode/0.0
1358545,,5399.0,car/driveMode/0.0
1358546,,5399.0,car/driveMode/0.0
1358547,,5399.0,car/driveMode/0.0
1358548,,5399.0,car/driveMode/0.0
1358549,,5399.0,car/driveMode/0.0
1358550,,5399.0,car/driveMode/0.0
1358551,,5399.0,car/driveMode/0.0
1358552,,5399.0,car/driveMode/0.0
1358553,,5399.0,car/driveMode/0.0
1358554,,5399.0,car/driveMode/0.0
1358555,,5399.0,car/driveMode/0.0
1358556,,5399.0,car/driveMode/0.0
1358557,,5399.0,car/driveMode/0.0
1358558,,5399.0,car/driveMode/0.0
1358559,,5399.0,car/driveMode/0.0
1358560,,5399.0,car/driveMode/0.0
1358561,,5399.0,car/driveMode/0.0
1358562,,5399.0,car/driveMode/0.0
1358563,,5399.0,car/driveMode/0.0
1358564,,5399.0,car/driveMode/0.0
1358565,,5399.0,car/driveMode/0.0
1358566,,5399.0,car/driveMode/0.0
1358567,,5399.0,car/driveMode/0.0
1358568,,5399.0,car/driveMode/0.0
1358569,,5399.0,car/driveMode/0.0
1358570,,5399.0,car/driveMode/0.0
1358571,,5399.0,car/driveMode/0.0
1358572,,5399.0,car/driveMode/0.0
1358573,,5399.0,car/driveMode/0.0
1358574,,5399.0,car/driveMode/0.0
1358575,,5399.0,car/driveMode/0.0
1358576,,5399.0,car/driveMode/0.0
1358577,,5399.0,car/driveMode/0.0
1358578,,5399.0,car/driveMode/0.0
1358579,,5399.0,car/driveMode/0.0
1358580,,5399.0,car/driveMode/0.0
1358581,,5399.0,car/driveMode/0.0
1358582,,5399.0,car/driveMode/0.0
1358583,,5399.0,car/driveMode/0.0
1358584,,5399.0,car/driveMode/0.0
1358585,,5399.0,car/driveMode/0.0
1358586,,5399.0,car/driveMode/0.0
1358587,,5399.0,car/driveMode/0.0
1358588,,5399.0,car/driveMode/0.0
1358589,,5399.0,car/driveMode/0.0
1358590,,5399.0,car/driveMode/0.0
1358591,,5399.0,car/driveMode/0.0
1358592,,5399.0,car/driveMode/0.0
1358593,,5399.0,car/driveMode/0.0
1358594,,5399.0,car/driveMode/0.0
1358595,,5399.0,car/driveMode/0.0
1358596,,5399.0,car/driveMode/0.0
1358597,,5399.0,car/driveMode/0.0
1358598,,5399.0,car/driveMode/0.0
1358599,,5399.0,car/driveMode/0.0
1358600,,5399.0,car/driveMode/0.0
1358601,,5399.0,car/driveMode/0.0
1358602,,5399.0,car/driveMode/0.0
1358603,,5399.0,car/driveMode/0.0
1358604,,5399.0,car/driveMode/0.0
1358605,,5399.0,car/driveMode/0.0
1358606,,5399.0,car/driveMode/0.0
1358607,,5399.0,car/driveMode/0.0
1358608,,5399.0,car/driveMode/0.0
1358609,,5399.0,car/driveMode/0.0
1358610,,5399.0,car/driveMode/0.0
1358611,,5399.0,car/driveMode/0.0
1358612,,5399.0,car/driveMode/0.0
1358613,,5399.0,car/driveMode/0.0
1358614,,5399.0,car/driveMode/0.0
1358615,,5399.0,car/driveMode/0.0
1358616,,5399.0,car/driveMode/0.0
1358617,,5399.0,car/driveMode/0.0
1358618,,5399.0,car/driveMode/0.0
1358619,,5399.0,car/driveMode/0.0
1358620,,5399.0,car/driveMode/0.0
1358621,,5399.0,car/driveMode/0.0
1358622,,5399.0,car/driveMode/0.0
1358623,,5399.0,car/driveMode/0.0
1358624,,5399.0,car/driveMode/0.0
1358625,,5399.0,car/driveMode/0.0
1358626,,5399.0,car/driveMode/0.0
1358627,,5399.0,car/driveMode/0.0
1358628,,5399.0,car/driveMode/0.0
1358629,,5399.0,car/driveMode/0.0
1358630,,5399.0,car/driveMode/0.0
1358631,,5399.0,car/driveMode/0.0
1358632,,5399.0,car/driveMode/0.0
1358633,,5399.0,car/driveMode/0.0
1358634,,5399.0,car/driveMode/0.0
1358635,,5399.0,car/driveMode/0.0
1358636,,5399.0,car/driveMode/0.0
1358637,,5399.0,car/driveMode/0.0
1358638,,5399.0,car/driveMode/0.0
1358639,,5399.0,car/driveMode/0.0
1358640,,5399.0,car/driveMode/0.0
1358641,,5399.0,car/driveMode/0.0
1358642,,5399.0,car/driveMode/0.0
1358643,,5399.0,car/driveMode/0.0
1358644,,5399.0,car/driveMode/0.0
1358645,,5399.0,car/driveMode/0.0
1358646,,5399.0,car/driveMode/0.0
1358647,,5399.0,car/driveMode/0.0
1358648,,5399.0,car/driveMode/0.0
1358649,,5399.0,car/driveMode/0.0
1358650,,5399.0,car/driveMode/0.0
1358651,,5399.0,car/driveMode/0.0
1358652,,5399.0,car/driveMode/0.0
1358653,,5399.0,car/driveMode/0.0
1358654,,5399.0,car/driveMode/0.0
1358655,,5399.0,car/driveMode/0.0
1358656,,5399.0,car/driveMode/0.0
1358657,,5399.0,car/driveMode/0.0
1358658,,5399.0,car/driveMode/0.0
1358659,,5399.0,car/driveMode/0.0
1358660,,5399.0,car/driveMode/0.0
1358661,,5399.0,car/driveMode/0.0
1358662,,5399.0,car/driveMode/0.0
1358663,,5399.0,car/driveMode/0.0
1358664,,5399.0,car/driveMode/0.0
1358665,,5399.0,car/driveMode/0.0
1358666,,5399.0,car/driveMode/0.0
1358667,,5399.0,car/driveMode/0.0
1358668,,5399.0,car/driveMode/0.0
1358669,,5399.0,car/driveMode/0.0
1358670,,5399.0,car/driveMode/0.0
1358671,,5399.0,car/driveMode/0.0
1358672,,5399.0,car/driveMode/0.0
1358673,,5399.0,car/driveMode/0.0
1358674,,5399.0,car/driveMode/0.0
1358675,,5399.0,car/driveMode/0.0
1358676,,5399.0,car/driveMode/0.0
1358677,,5399.0,car/driveMode/0.0
1358678,,5399.0,car/driveMode/0.0
1358679,,5399.0,car/driveMode/0.0
1358680,,5399.0,car/driveMode/0.0
1358681,,5399.0,car/driveMode/0.0
1358682,,5399.0,car/driveMode/0.0
1358683,,5399.0,car/driveMode/0.0
1358684,,5399.0,car/driveMode/0.0
1358685,,5399.0,car/driveMode/0.0
1358686,,5399.0,car/driveMode/0.0
1358687,,5399.0,car/driveMode/0.0
1358688,,5399.0,car/driveMode/0.0
1358689,,5399.0,car/driveMode/0.0
1358690,,5399.0,car/driveMode/0.0
1358691,,5399.0,car/driveMode/0.0
1358692,,5399.0,car/driveMode/0.0
1358693,,5399.0,car/driveMode/0.0
1358694,,5399.0,car/driveMode/0.0
1358695,,5399.0,car/driveMode/0.0
1358696,,5399.0,car/driveMode/0.0
1358697,,5399.0,car/driveMode/0.0
1358698,,5399.0,car/driveMode/0.0
1358699,,5399.0,car/driveMode/0.0
1358700,,5399.0,car/driveMode/0.0
1358701,,5399.0,car/driveMode/0.0
1358702,,5399.0,car/driveMode/0.0
1358703,,5399.0,car/driveMode/0.0
1358704,,5399.0,car/driveMode/0.0
1358705,,5399.0,car/driveMode/0.0
1358706,,5399.0,car/driveMode/0.0
1358707,,5399.0,car/driveMode/0.0
1358708,,5399.0,car/driveMode/0.0
1358709,,5399.0,car/driveMode/0.0
1358710,,5399.0,car/driveMode/0.0
1358711,,5399.0,car/driveMode/0.0
1358712,,5399.0,car/driveMode/0.0
1358713,,5399.0,car/driveMode/0.0
1358714,,5399.0,car/driveMode/0.0
1358715,,5399.0,car/driveMode/0.0
1358716,,5399.0,car/driveMode/0.0
1358717,,5399.0,car/driveMode/0.0
1358718,,5399.0,car/driveMode/0.0
1358719,,5399.0,car/driveMode/0.0
1358720,,5399.0,car/driveMode/0.0
1358721,,5399.0,car/driveMode/0.0
1358722,,5399.0,car/driveMode/0.0
1358723,,5399.0,car/driveMode/0.0
1358724,,5399.0,car/driveMode/0.0
1358725,,5399.0,car/driveMode/0.0
1358726,,5399.0,car/driveMode/0.0
1358727,,5399.0,car/driveMode/0.0
1358728,,5399.0,car/driveMode/0.0
1358729,,5399.0,car/driveMode/0.0
1358730,,5399.0,car/driveMode/0.0
1358731,,5399.0,car/driveMode/0.0
1358732,,5399.0,car/driveMode/0.0
1358733,,5399.0,car/driveMode/0.0
1358734,,5399.0,car/driveMode/0.0
1358735,,5399.0,car/driveMode/0.0
1358736,,5399.0,car/driveMode/0.0
1358737,,5399.0,car/driveMode/0.0
1358738,,5399.0,car/driveMode/0.0
1358739,,5399.0,car/driveMode/0.0
1358740,,5399.0,car/driveMode/0.0
1358741,,5399.0,car/driveMode/0.0
1358742,,5399.0,car/driveMode/0.0
1358743,,5399.0,car/driveMode/0.0
1358744,,5399.0,car/driveMode/0.0
1358745,,5399.0,car/driveMode/0.0
1358746,,5399.0,car/driveMode/0.0
1358747,,5399.0,car/driveMode/0.0
1358748,,5399.0,car/driveMode/0.0
1358749,,5399.0,car/driveMode/0.0
1358750,,5399.0,car/driveMode/0.0
1358751,,5399.0,car/driveMode/0.0
1358752,,5399.0,car/driveMode/0.0
1358753,,5399.0,car/driveMode/0.0
1358754,,5399.0,car/driveMode/0.0
1358755,,5399.0,car/driveMode/0.0
1358756,,5399.0,car/driveMode/0.0
1358757,,5399.0,car/driveMode/0.0
1358758,,5399.0,car/driveMode/0.0
1358759,,5399.0,car/driveMode/0.0
1358760,,5399.0,car/driveMode/0.0
1358761,,5399.0,car/driveMode/0.0
1358762,,5399.0,car/driveMode/0.0
1358763,,5399.0,car/driveMode/0.0
1358764,,5399.0,car/driveMode/0.0
1358765,,5399.0,car/driveMode/0.0
1358766,,5399.0,car/driveMode/0.0
1358767,,5399.0,car/driveMode/0.0
1358768,,5399.0,car/driveMode/0.0
1358769,,5399.0,car/driveMode/0.0
1358770,,5399.0,car/driveMode/0.0
1358771,,5399.0,car/driveMode/0.0
1358772,,5399.0,car/driveMode/0.0
1358773,,5399.0,car/driveMode/0.0
1358774,,5399.0,car/driveMode/0.0
1358775,,5399.0,car/driveMode/0.0
1358776,,5399.0,car/driveMode/0.0
1358777,,5399.0,car/driveMode/0.0
1358778,,5399.0,car/driveMode/0.0
1358779,,5399.0,car/driveMode/0.0
1358780,,5399.0,car/driveMode/0.0
1358781,,5399.0,car/driveMode/0.0
1358782,,5399.0,car/driveMode/0.0
1358783,,5399.0,car/driveMode/0.0
1358784,,5399.0,car/driveMode/0.0
1358785,,5399.0,car/driveMode/0.0
1358786,,5399.0,car/driveMode/0.0
1358787,,5399.0,car/driveMode/0.0
1358788,,5399.0,car/driveMode/0.0
1358789,,5399.0,car/driveMode/0.0
1358790,,5399.0,car/driveMode/0.0
1358791,,5399.0,car/driveMode/0.0
1358792,,5399.0,car/driveMode/0.0
1358793,,5399.0,car/driveMode/0.0
1358794,,5399.0,car/driveMode/0.0
1358795,,5399.0,car/driveMode/0.0
1358796,,5399.0,car/driveMode/0.0
1358797,,5399.0,car/driveMode/0.0
1358798,,5399.0,car/driveMode/0.0
1358799,,5399.0,car/driveMode/0.0
1358800,,5399.0,car/driveMode/0.0
1358801,,5399.0,car/driveMode/0.0
1358802,,5399.0,car/driveMode/0.0
1358803,,5399.0,car/driveMode/0.0
1358804,,5399.0,car/driveMode/0.0
1358805,,5399.0,car/driveMode/0.0
1358806,,5399.0,car/driveMode/0.0
1358807,,5399.0,car/driveMode/0.0
1358808,,5399.0,car/driveMode/0.0
1358809,,5399.0,car/driveMode/0.0
1358810,,5399.0,car/driveMode/0.0
1358811,,5399.0,car/driveMode/0.0
1358812,,5399.0,car/driveMode/0.0
1358813,,5399.0,car/driveMode/0.0
1358814,,5399.0,car/driveMode/0.0
1358815,,5399.0,car/driveMode/0.0
1358816,,5399.0,car/driveMode/0.0
1358817,,5399.0,car/driveMode/0.0
1358818,,5399.0,car/driveMode/0.0
1358819,,5399.0,car/driveMode/0.0
1358820,,5399.0,car/driveMode/0.0
1358821,,5399.0,car/driveMode/0.0
1358822,,5399.0,car/driveMode/0.0
1358823,,5399.0,car/driveMode/0.0
1358824,,5399.0,car/driveMode/0.0
1358825,,5399.0,car/driveMode/0.0
1358826,,5399.0,car/driveMode/0.0
1358827,,5399.0,car/driveMode/0.0
1358828,,5399.0,car/driveMode/0.0
1358829,,5399.0,car/driveMode/0.0
1358830,,5399.0,car/driveMode/0.0
1358831,,5399.0,car/driveMode/0.0
1358832,,5399.0,car/driveMode/0.0
1358833,,5399.0,car/driveMode/0.0
1358834,,5399.0,car/driveMode/0.0
1358835,,5399.0,car/driveMode/0.0
1358836,,5399.0,car/driveMode/0.0
1358837,,5399.0,car/driveMode/0.0
1358838,,5399.0,car/driveMode/0.0
1358839,,5399.0,car/driveMode/0.0
1358840,,5399.0,car/driveMode/0.0
1358841,,5399.0,car/driveMode/0.0
1358842,,5399.0,car/driveMode/0.0
1358843,,5399.0,car/driveMode/0.0
1358844,,5399.0,car/driveMode/0.0
1358845,,5399.0,car/driveMode/0.0
1358846,,5399.0,car/driveMode/0.0
1358847,,5399.0,car/driveMode/0.0
1358848,,5399.0,car/driveMode/0.0
1358849,,5399.0,car/driveMode/0.0
1358850,,5399.0,car/driveMode/0.0
1358851,,5399.0,car/driveMode/0.0
1358852,,5399.0,car/driveMode/0.0
1358853,,5399.0,car/driveMode/0.0
1358854,,5399.0,car/driveMode/0.0
1358855,,5399.0,car/driveMode/0.0
1358856,,5399.0,car/driveMode/0.0
1358857,,5399.0,car/driveMode/0.0
1358858,,5399.0,car/driveMode/0.0
1358859,,5399.0,car/driveMode/0.0
1358860,,5399.0,car/driveMode/0.0
1358861,,5399.0,car/driveMode/0.0
1358862,,5399.0,car/driveMode/0.0
1358863,,5399.0,car/driveMode/0.0
1358864,,5399.0,car/driveMode/0.0
1358865,,5399.0,car/driveMode/0.0
1358866,,5399.0,car/driveMode/0.0
1358867,,5399.0,car/driveMode/0.0
1358868,,5399.0,car/driveMode/0.0
1358869,,5399.0,car/driveMode/0.0
1358870,,5399.0,car/driveMode/0.0
1358871,,5399.0,car/driveMode/0.0
1358872,,5399.0,car/driveMode/0.0
1358873,,5399.0,car/driveMode/0.0
1358874,,5399.0,car/driveMode/0.0
1358875,,5399.0,car/driveMode/0.0
1358876,,5399.0,car/driveMode/0.0
1358877,,5399.0,car/driveMode/0.0
1358878,,5399.0,car/driveMode/0.0
1358879,,5399.0,car/driveMode/0.0
1358880,,5399.0,car/driveMode/0.0
1358881,,5399.0,car/driveMode/0.0
1358882,,5399.0,car/driveMode/0.0
1358883,,5399.0,car/driveMode/0.0
1358884,,5399.0,car/driveMode/0.0
1358885,,5399.0,car/driveMode/0.0
1358886,,5399.0,car/driveMode/0.0
1358887,,5399.0,car/driveMode/0.0
1358888,,5399.0,car/driveMode/0.0
1358889,,5399.0,car/driveMode/0.0
1358890,,5399.0,car/driveMode/0.0
1358891,,5399.0,car/driveMode/0.0
1358892,,5399.0,car/driveMode/0.0
1358893,,5399.0,car/driveMode/0.0
1358894,,5399.0,car/driveMode/0.0
1358895,,5399.0,car/driveMode/0.0
1358896,,5399.0,car/driveMode/0.0
1358897,,5399.0,car/driveMode/0.0
1358898,,5399.0,car/driveMode/0.0
1358899,,5399.0,car/driveMode/0.0
1358900,,5399.0,car/driveMode/0.0
1358901,,5399.0,car/driveMode/0.0
1358902,,5399.0,car/driveMode/0.0
1358903,,5399.0,car/driveMode/0.0
1358904,,5399.0,car/driveMode/0.0
1358905,,5399.0,car/driveMode/0.0
1358906,,5399.0,car/driveMode/0.0
1358907,,5399.0,car/driveMode/0.0
1358908,,5399.0,car/driveMode/0.0
1358909,,5399.0,car/driveMode/0.0
1358910,,5399.0,car/driveMode/0.0
1358911,,5399.0,car/driveMode/0.0
1358912,,5399.0,car/driveMode/0.0
1358913,,5399.0,car/driveMode/0.0
1358914,,5399.0,car/driveMode/0.0
1358915,,5399.0,car/driveMode/0.0
1358916,,5399.0,car/driveMode/0.0
1358917,,5399.0,car/driveMode/0.0
1358918,,5399.0,car/driveMode/0.0
1358919,,5399.0,car/driveMode/0.0
1358920,,5399.0,car/driveMode/0.0
1358921,,5399.0,car/driveMode/0.0
1358922,,5399.0,car/driveMode/0.0
1358923,,5399.0,car/driveMode/0.0
1358924,,5399.0,car/driveMode/0.0
1358925,,5399.0,car/driveMode/0.0
1358926,,5399.0,car/driveMode/0.0
1358927,,5399.0,car/driveMode/0.0
1358928,,5399.0,car/driveMode/0.0
1358929,,5399.0,car/driveMode/0.0
1358930,,5399.0,car/driveMode/0.0
1358931,,5399.0,car/driveMode/0.0
1358932,,5399.0,car/driveMode/0.0
1358933,,5399.0,car/driveMode/0.0
1358934,,5399.0,car/driveMode/0.0
1358935,,5399.0,car/driveMode/0.0
1358936,,5399.0,car/driveMode/0.0
1358937,,5399.0,car/driveMode/0.0
1358938,,5399.0,car/driveMode/0.0
1358939,,5399.0,car/driveMode/0.0
1358940,,5399.0,car/driveMode/0.0
1358941,,5399.0,car/driveMode/0.0
1358942,,5399.0,car/driveMode/0.0
1358943,,5399.0,car/driveMode/0.0
1358944,,5399.0,car/driveMode/0.0
1358945,,5399.0,car/driveMode/0.0
1358946,,5399.0,car/driveMode/0.0
1358947,,5399.0,car/driveMode/0.0
1358948,,5399.0,car/driveMode/0.0
1358949,,5399.0,car/driveMode/0.0
1358950,,5399.0,car/driveMode/0.0
1358951,,5399.0,car/driveMode/0.0
1358952,,5399.0,car/driveMode/0.0
1358953,,5399.0,car/driveMode/0.0
1358954,,5399.0,car/driveMode/0.0
1358955,,5399.0,car/driveMode/0.0
1358956,,5399.0,car/driveMode/0.0
1358957,,5399.0,car/driveMode/0.0
1358958,,5399.0,car/driveMode/0.0
1358959,,5399.0,car/driveMode/0.0
1358960,,5399.0,car/driveMode/0.0
1358961,,5399.0,car/driveMode/0.0
1358962,,5399.0,car/driveMode/0.0
1358963,,5399.0,car/driveMode/0.0
1358964,,5399.0,car/driveMode/0.0
1358965,,5399.0,car/driveMode/0.0
1358966,,5399.0,car/driveMode/0.0
1358967,,5399.0,car/driveMode/0.0
1358968,,5399.0,car/driveMode/0.0
1358969,,5399.0,car/driveMode/0.0
1358970,,5399.0,car/driveMode/0.0
1358971,,5399.0,car/driveMode/0.0
1358972,,5399.0,car/driveMode/0.0
1358973,,5399.0,car/driveMode/0.0
1358974,,5399.0,car/driveMode/0.0
1358975,,5399.0,car/driveMode/0.0
1358976,,5399.0,car/driveMode/0.0
1358977,,5399.0,car/driveMode/0.0
1358978,,5399.0,car/driveMode/0.0
1358979,,5399.0,car/driveMode/0.0
1358980,,5399.0,car/driveMode/0.0
1358981,,5399.0,car/driveMode/0.0
1358982,,5399.0,car/driveMode/0.0
1358983,,5399.0,car/driveMode/0.0
1358984,,5399.0,car/driveMode/0.0
1358985,,5399.0,car/driveMode/0.0
1358986,,5399.0,car/driveMode/0.0
1358987,,5399.0,car/driveMode/0.0
1358988,,5399.0,car/driveMode/0.0
1358989,,5399.0,car/driveMode/0.0
1358990,,5399.0,car/driveMode/0.0
1358991,,5399.0,car/driveMode/0.0
1358992,,5399.0,car/driveMode/0.0
1358993,,5399.0,car/driveMode/0.0
1358994,,5399.0,car/driveMode/0.0
1358995,,5399.0,car/driveMode/0.0
1358996,,5399.0,car/driveMode/0.0
1358997,,5399.0,car/driveMode/0.0
1358998,,5399.0,car/driveMode/0.0
1358999,,5399.0,car/driveMode/0.0
1359000,,5399.0,car/driveMode/0.0
1359001,,5399.0,car/driveMode/0.0
1359002,,5399.0,car/driveMode/0.0
1359003,,5399.0,car/driveMode/0.0
1359004,,5399.0,car/driveMode/0.0
1359005,,5399.0,car/driveMode/0.0
1359006,,5399.0,car/driveMode/0.0
1359007,,5399.0,car/driveMode/0.0
1359008,,5399.0,car/driveMode/0.0
1359009,,5399.0,car/driveMode/0.0
1359010,,5399.0,car/driveMode/0.0
1359011,,5399.0,car/driveMode/0.0
1359012,,5399.0,car/driveMode/0.0
1359013,,5399.0,car/driveMode/0.0
1359014,,5399.0,car/driveMode/0.0
1359015,,5399.0,car/driveMode/0.0
1359016,,5399.0,car/driveMode/0.0
1359017,,5399.0,car/driveMode/0.0
1359018,,5399.0,car/driveMode/0.0
1359019,,5399.0,car/driveMode/0.0
1359020,,5399.0,car/driveMode/0.0
1359021,,5399.0,car/driveMode/0.0
1359022,,5399.0,car/driveMode/0.0
1359023,,5399.0,car/driveMode/0.0
1359024,,5399.0,car/driveMode/0.0
1359025,,5399.0,car/driveMode/0.0
1359026,,5399.0,car/driveMode/0.0
1359027,,5399.0,car/driveMode/0.0
1359028,,5399.0,car/driveMode/0.0
1359029,,5399.0,car/driveMode/0.0
1359030,,5399.0,car/driveMode/0.0
1359031,,5399.0,car/driveMode/0.0
1359032,,5399.0,car/driveMode/0.0
1359033,,5399.0,car/driveMode/0.0
1359034,,5399.0,car/driveMode/0.0
1359035,,5399.0,car/driveMode/0.0
1359036,,5399.0,car/driveMode/0.0
1359037,,5399.0,car/driveMode/0.0
1359038,,5399.0,car/driveMode/0.0
1359039,,5399.0,car/driveMode/0.0
1359040,,5399.0,car/driveMode/0.0
1359041,,5399.0,car/driveMode/0.0
1359042,,5399.0,car/driveMode/0.0
1359043,,5399.0,car/driveMode/0.0
1359044,,5399.0,car/driveMode/0.0
1359045,,5399.0,car/driveMode/0.0
1359046,,5399.0,car/driveMode/0.0
1359047,,5399.0,car/driveMode/0.0
1359048,,5399.0,car/driveMode/0.0
1359049,,5399.0,car/driveMode/0.0
1359050,,5399.0,car/driveMode/0.0
1359051,,5399.0,car/driveMode/0.0
1359052,,5399.0,car/driveMode/0.0
1359053,,5399.0,car/driveMode/0.0
1359054,,5399.0,car/driveMode/0.0
1359055,,5399.0,car/driveMode/0.0
1359056,,5399.0,car/driveMode/0.0
1359057,,5399.0,car/driveMode/0.0
1359058,,5399.0,car/driveMode/0.0
1359059,,5399.0,car/driveMode/0.0
1359060,,5399.0,car/driveMode/0.0
1359061,,5399.0,car/driveMode/0.0
1359062,,5399.0,car/driveMode/0.0
1359063,,5399.0,car/driveMode/0.0
1359064,,5399.0,car/driveMode/0.0
1359065,,5399.0,car/driveMode/0.0
1359066,,5399.0,car/driveMode/0.0
1359067,,5399.0,car/driveMode/0.0
1359068,,5399.0,car/driveMode/0.0
1359069,,5399.0,car/driveMode/0.0
1359070,,5399.0,car/driveMode/0.0
1359071,,5399.0,car/driveMode/0.0
1359072,,5399.0,car/driveMode/0.0
1359073,,5399.0,car/driveMode/0.0
1359074,,5399.0,car/driveMode/0.0
1359075,,5399.0,car/driveMode/0.0
1359076,,5399.0,car/driveMode/0.0
1359077,,5399.0,car/driveMode/0.0
1359078,,5399.0,car/driveMode/0.0
1359079,,5399.0,car/driveMode/0.0
1359080,,5399.0,car/driveMode/0.0
1359081,,5399.0,car/driveMode/0.0
1359082,,5399.0,car/driveMode/0.0
1359083,,5399.0,car/driveMode/0.0
1359084,,5399.0,car/driveMode/0.0
1359085,,5399.0,car/driveMode/0.0
1359086,,5399.0,car/driveMode/0.0
1359087,,5399.0,car/driveMode/0.0
1359088,,5399.0,car/driveMode/0.0
1359089,,5399.0,car/driveMode/0.0
1359090,,5399.0,car/driveMode/0.0
1359091,,5399.0,car/driveMode/0.0
1359092,,5399.0,car/driveMode/0.0
1359093,,5399.0,car/driveMode/0.0
1359094,,5399.0,car/driveMode/0.0
1359095,,5399.0,car/driveMode/0.0
1359096,,5399.0,car/driveMode/0.0
1359097,,5399.0,car/driveMode/0.0
1359098,,5399.0,car/driveMode/0.0
1359099,,5399.0,car/driveMode/0.0
1359100,,5399.0,car/driveMode/0.0
1359101,,5399.0,car/driveMode/0.0
1359102,,5399.0,car/driveMode/0.0
1359103,,5399.0,car/driveMode/0.0
1359104,,5399.0,car/driveMode/0.0
1359105,,5399.0,car/driveMode/0.0
1359106,,5399.0,car/driveMode/0.0
1359107,,5399.0,car/driveMode/0.0
1359108,,5399.0,car/driveMode/0.0
1359109,,5399.0,car/driveMode/0.0
1359110,,5399.0,car/driveMode/0.0
1359111,,5399.0,car/driveMode/0.0
1359112,,5399.0,car/driveMode/0.0
1359113,,5399.0,car/driveMode/0.0
1359114,,5399.0,car/driveMode/0.0
1359115,,5399.0,car/driveMode/0.0
1359116,,5399.0,car/driveMode/0.0
1359117,,5399.0,car/driveMode/0.0
1359118,,5399.0,car/driveMode/0.0
1359119,,5399.0,car/driveMode/0.0
1359120,,5399.0,car/driveMode/0.0
1359121,,5399.0,car/driveMode/0.0
1359122,,5399.0,car/driveMode/0.0
1359123,,5399.0,car/driveMode/0.0
1359124,,5399.0,car/driveMode/0.0
1359125,,5399.0,car/driveMode/0.0
1359126,,5399.0,car/driveMode/0.0
1359127,,5399.0,car/driveMode/0.0
1359128,,5399.0,car/driveMode/0.0
1359129,,5399.0,car/driveMode/0.0
1359130,,5399.0,car/driveMode/0.0
1359131,,5399.0,car/driveMode/0.0
1359132,,5399.0,car/driveMode/0.0
1359133,,5399.0,car/driveMode/0.0
1359134,,5399.0,car/driveMode/0.0
1359135,,5399.0,car/driveMode/0.0
1359136,,5399.0,car/driveMode/0.0
1359137,,5399.0,car/driveMode/0.0
1359138,,5399.0,car/driveMode/0.0
1359139,,5399.0,car/driveMode/0.0
1359140,,5399.0,car/driveMode/0.0
1359141,,5399.0,car/driveMode/0.0
1359142,,5399.0,car/driveMode/0.0
1359143,,5399.0,car/driveMode/0.0
1359144,,5399.0,car/driveMode/0.0
1359145,,5399.0,car/driveMode/0.0
1359146,,5399.0,car/driveMode/0.0
1359147,,5399.0,car/driveMode/0.0
1359148,,5399.0,car/driveMode/0.0
1359149,,5399.0,car/driveMode/0.0
1359150,,5399.0,car/driveMode/0.0
1359151,,5399.0,car/driveMode/0.0
1359152,,5399.0,car/driveMode/0.0
1359153,,5399.0,car/driveMode/0.0
1359154,,5399.0,car/driveMode/0.0
1359155,,5399.0,car/driveMode/0.0
1359156,,5399.0,car/driveMode/0.0
1359157,,5399.0,car/driveMode/0.0
1359158,,5399.0,car/driveMode/0.0
1359159,,5399.0,car/driveMode/0.0
1359160,,5399.0,car/driveMode/0.0
1359161,,5399.0,car/driveMode/0.0
1359162,,5399.0,car/driveMode/0.0
1359163,,5399.0,car/driveMode/0.0
1359164,,5399.0,car/driveMode/0.0
1359165,,5399.0,car/driveMode/0.0
1359166,,5399.0,car/driveMode/0.0
1359167,,5399.0,car/driveMode/0.0
1359168,,5399.0,car/driveMode/0.0
1359169,,5399.0,car/driveMode/0.0
1359170,,5399.0,car/driveMode/0.0
1359171,,5399.0,car/driveMode/0.0
1359172,,5399.0,car/driveMode/0.0
1359173,,5399.0,car/driveMode/0.0
1359174,,5399.0,car/driveMode/0.0
1359175,,5399.0,car/driveMode/0.0
1359176,,5399.0,car/driveMode/0.0
1359177,,5399.0,car/driveMode/0.0
1359178,,5399.0,car/driveMode/0.0
1359179,,5399.0,car/driveMode/0.0
1359180,,5399.0,car/driveMode/0.0
1359181,,5399.0,car/driveMode/0.0
1359182,,5399.0,car/driveMode/0.0
1359183,,5399.0,car/driveMode/0.0
1359184,,5399.0,car/driveMode/0.0
1359185,,5399.0,car/driveMode/0.0
1359186,,5399.0,car/driveMode/0.0
1359187,,5399.0,car/driveMode/0.0
1359188,,5399.0,car/driveMode/0.0
1359189,,5399.0,car/driveMode/0.0
1359190,,5399.0,car/driveMode/0.0
1359191,,5399.0,car/driveMode/0.0
1359192,,5399.0,car/driveMode/0.0
1359193,,5399.0,car/driveMode/0.0
1359194,,5399.0,car/driveMode/0.0
1359195,,5399.0,car/driveMode/0.0
1359196,,5399.0,car/driveMode/0.0
1359197,,5399.0,car/driveMode/0.0
1359198,,5399.0,car/driveMode/0.0
1359199,,5399.0,car/driveMode/0.0
1359200,,5399.0,car/driveMode/0.0
1359201,,5399.0,car/driveMode/0.0
1359202,,5399.0,car/driveMode/0.0
1359203,,5399.0,car/driveMode/0.0
1359204,,5399.0,car/driveMode/0.0
1359205,,5399.0,car/driveMode/0.0
1359206,,5399.0,car/driveMode/0.0
1359207,,5399.0,car/driveMode/0.0
1359208,,5399.0,car/driveMode/0.0
1359209,,5399.0,car/driveMode/0.0
1359210,,5399.0,car/driveMode/0.0
1359211,,5399.0,car/driveMode/0.0
1359212,,5399.0,car/driveMode/0.0
1359213,,5399.0,car/driveMode/0.0
1359214,,5399.0,car/driveMode/0.0
1359215,,5399.0,car/driveMode/0.0
1359216,,5399.0,car/driveMode/0.0
1359217,,5399.0,car/driveMode/0.0
1359218,,5399.0,car/driveMode/0.0
1359219,,5399.0,car/driveMode/0.0
1359220,,5399.0,car/driveMode/0.0
1359221,,5399.0,car/driveMode/0.0
1359222,,5399.0,car/driveMode/0.0
1359223,,5399.0,car/driveMode/0.0
1359224,,5399.0,car/driveMode/0.0
1359225,,5399.0,car/driveMode/0.0
1359226,,5399.0,car/driveMode/0.0
1359227,,5399.0,car/driveMode/0.0
1359228,car/driveMode/1.0,5399.0,car/driveMode/1.0
1359229,,5399.0,car/driveMode/0.0
1359230,,5399.0,car/driveMode/0.0
1359231,,5399.0,car/driveMode/0.0
1359232,,5399.0,car/driveMode/0.0
1359233,,5399.0,car/driveMode/0.0
1359234,,5399.0,car/driveMode/0.0
1359235,,5399.0,car/driveMode/0.0
1359236,,5399.0,car/driveMode/0.0
1359237,,5399.0,car/driveMode/0.0
1359238,,5399.0,car/driveMode/0.0
1359239,,5399.0,car/driveMode/0.0
1359240,,5399.0,car/driveMode/0.0
1359241,,5399.0,car/driveMode/0.0
1359242,,5399.0,car/driveMode/0.0
1359243,,5399.0,car/driveMode/0.0
1359244,,5399.0,car/driveMode/0.0
1359245,,5399.0,car/driveMode/0.0
1359246,,5399.0,car/driveMode/0.0
1359247,,5399.0,car/driveMode/0.0
1359248,,5399.0,car/driveMode/0.0
1359249,,5399.0,car/driveMode/0.0
1359250,,5399.0,car/driveMode/0.0
1359251,,5399.0,car/driveMode/0.0
1359252,,5399.0,car/driveMode/0.0
1359253,,5399.0,car/driveMode/0.0
1359254,,5399.0,car/driveMode/0.0
1359255,,5399.0,car/driveMode/0.0
1359256,,5399.0,car/driveMode/0.0
1359257,,5399.0,car/driveMode/0.0
1359258,,5399.0,car/driveMode/0.0
1359259,,5399.0,car/driveMode/0.0
1359260,,5399.0,car/driveMode/0.0
1359261,,5399.0,car/driveMode/0.0
1359262,,5399.0,car/driveMode/0.0
1359263,,5399.0,car/driveMode/0.0
1359264,,5399.0,car/driveMode/0.0
1359265,,5399.0,car/driveMode/0.0
1359266,,5399.0,car/driveMode/0.0
1359267,,5399.0,car/driveMode/0.0
1359268,,5399.0,car/driveMode/0.0
1359269,,5399.0,car/driveMode/0.0
1359270,,5399.0,car/driveMode/0.0
1359271,,5399.0,car/driveMode/0.0
1359272,,5399.0,car/driveMode/0.0
1359273,,5399.0,car/driveMode/0.0
1359274,,5399.0,car/driveMode/0.0
1359275,,5399.0,car/driveMode/0.0
1359276,,5399.0,car/driveMode/0.0
1359277,,5399.0,car/driveMode/0.0
1359278,,5399.0,car/driveMode/0.0
1359279,,5399.0,car/driveMode/0.0
1359280,,5399.0,car/driveMode/0.0
1359281,,5399.0,car/driveMode/0.0
1359282,,5399.0,car/driveMode/0.0
1359283,,5399.0,car/driveMode/0.0
1359284,,5399.0,car/driveMode/0.0
1359285,,5399.0,car/driveMode/0.0
1359286,,5399.0,car/driveMode/0.0
1359287,,5399.0,car/driveMode/0.0
1359288,,5399.0,car/driveMode/0.0
1359289,,5399.0,car/driveMode/0.0
1359290,,5399.0,car/driveMode/0.0
1359291,,5399.0,car/driveMode/0.0
1359292,,5399.0,car/driveMode/0.0
1359293,,5399.0,car/driveMode/0.0
1359294,,5399.0,car/driveMode/0.0
1359295,,5399.0,car/driveMode/0.0
1359296,,5399.0,car/driveMode/0.0
1359297,,5399.0,car/driveMode/0.0
1359298,,5399.0,car/driveMode/0.0
1359299,,5399.0,car/driveMode/0.0
1359300,,5399.0,car/driveMode/0.0
1359301,,5399.0,car/driveMode/0.0
1359302,,5399.0,car/driveMode/0.0
1359303,,5399.0,car/driveMode/0.0
1359304,,5399.0,car/driveMode/0.0
1359305,,5399.0,car/driveMode/0.0
1359306,,5399.0,car/driveMode/0.0
1359307,,5399.0,car/driveMode/0.0
1359308,,5399.0,car/driveMode/0.0
1359309,,5399.0,car/driveMode/0.0
1359310,,5399.0,car/driveMode/0.0
1359311,,5399.0,car/driveMode/0.0
1359312,,5399.0,car/driveMode/0.0
1359313,,5399.0,car/driveMode/0.0
1359314,,5399.0,car/driveMode/0.0
1359315,,5399.0,car/driveMode/0.0
1359316,,5399.0,car/driveMode/0.0
1359317,,5399.0,car/driveMode/0.0
1359318,,5399.0,car/driveMode/0.0
1359319,,5399.0,car/driveMode/0.0
1359320,,5399.0,car/driveMode/0.0
1359321,,5399.0,car/driveMode/0.0
1359322,,5399.0,car/driveMode/0.0
1359323,,5399.0,car/driveMode/0.0
1359324,,5399.0,car/driveMode/0.0
1359325,,5399.0,car/driveMode/0.0
1359327,,5399.0,car/driveMode/0.0
1359326,car/driveMode/0.0,5399.0,car/driveMode/0.0
1359328,,5399.0,car/driveMode/0.0
1359329,,5399.0,car/driveMode/0.0
1359330,,5399.0,car/driveMode/0.0
1359331,,5399.0,car/driveMode/0.0
1359332,,5399.0,car/driveMode/0.0
1359333,,5399.0,car/driveMode/0.0
1359334,,5399.0,car/driveMode/0.0
1359335,,5399.0,car/driveMode/0.0
1359336,,5399.0,car/driveMode/0.0
1359337,,5399.0,car/driveMode/0.0
1359338,,5399.0,car/driveMode/0.0
1359339,,5399.0,car/driveMode/0.0
1359340,,5399.0,car/driveMode/0.0
1359341,,5399.0,car/driveMode/0.0
1359342,,5399.0,car/driveMode/0.0
1359343,,5399.0,car/driveMode/0.0
1359344,,5399.0,car/driveMode/0.0
1359345,,5399.0,car/driveMode/0.0
1359346,,5399.0,car/driveMode/0.0
1359347,,5399.0,car/driveMode/0.0
1359348,,5399.0,car/driveMode/0.0
1359349,,5399.0,car/driveMode/0.0
1359350,,5399.0,car/driveMode/0.0
1359351,,5399.0,car/driveMode/0.0
1359352,,5399.0,car/driveMode/0.0
1359353,,5399.0,car/driveMode/0.0
1359354,,5399.0,car/driveMode/0.0
1359355,,5399.0,car/driveMode/0.0
1359356,,5399.0,car/driveMode/0.0
1359357,,5399.0,car/driveMode/0.0
1359358,,5399.0,car/driveMode/0.0
1359359,,5399.0,car/driveMode/0.0
1359360,,5399.0,car/driveMode/0.0
1359361,,5399.0,car/driveMode/0.0
1359362,,5399.0,car/driveMode/0.0
1359363,,5399.0,car/driveMode/0.0
1359364,,5399.0,car/driveMode/0.0
1359365,,5399.0,car/driveMode/0.0
1359366,,5399.0,car/driveMode/0.0
1359367,,5399.0,car/driveMode/0.0
1359368,,5399.0,car/driveMode/0.0
1359369,,5399.0,car/driveMode/0.0
1359370,,5399.0,car/driveMode/0.0
1359371,,5399.0,car/driveMode/0.0
1359372,,5399.0,car/driveMode/0.0
1359373,,5399.0,car/driveMode/0.0
1359374,,5399.0,car/driveMode/0.0
1359375,,5399.0,car/driveMode/0.0
1359376,,5399.0,car/driveMode/0.0
1359377,,5399.0,car/driveMode/0.0
1359378,,5399.0,car/driveMode/0.0
1359379,,5399.0,car/driveMode/0.0
1359380,,5399.0,car/driveMode/0.0
1359381,,5399.0,car/driveMode/0.0
1359382,,5399.0,car/driveMode/0.0
1359383,,5399.0,car/driveMode/0.0
1359384,,5399.0,car/driveMode/0.0
1359385,,5399.0,car/driveMode/0.0
1359386,,5399.0,car/driveMode/0.0
1359387,,5399.0,car/driveMode/0.0
1359388,,5399.0,car/driveMode/0.0
1359389,,5399.0,car/driveMode/0.0
1359390,,5399.0,car/driveMode/0.0
1359391,,5399.0,car/driveMode/0.0
1359392,,5399.0,car/driveMode/0.0
1359393,,5399.0,car/driveMode/0.0
1359394,,5399.0,car/driveMode/0.0
1359395,,5399.0,car/driveMode/0.0
1359396,,5399.0,car/driveMode/0.0
1359397,,5399.0,car/driveMode/0.0
1359398,,5399.0,car/driveMode/0.0
1359399,,5399.0,car/driveMode/0.0
1359400,,5399.0,car/driveMode/0.0
1359401,,5399.0,car/driveMode/0.0
1359402,,5399.0,car/driveMode/0.0
1359403,,5399.0,car/driveMode/0.0
1359404,,5399.0,car/driveMode/0.0
1359405,,5399.0,car/driveMode/0.0
1359406,,5399.0,car/driveMode/0.0
1359407,,5399.0,car/driveMode/0.0
1359408,,5399.0,car/driveMode/0.0
1359409,,5399.0,car/driveMode/0.0
1359410,,5399.0,car/driveMode/0.0
1359411,,5399.0,car/driveMode/0.0
1359412,,5399.0,car/driveMode/0.0
1359413,,5399.0,car/driveMode/0.0
1359414,,5399.0,car/driveMode/0.0
1359415,,5399.0,car/driveMode/0.0
1359416,,5399.0,car/driveMode/0.0
1359417,,5399.0,car/driveMode/0.0
1359418,,5399.0,car/driveMode/0.0
1359419,,5399.0,car/driveMode/0.0
1359420,,5399.0,car/driveMode/0.0
1359421,,5399.0,car/driveMode/0.0
1359422,,5399.0,car/driveMode/0.0
1359423,,5399.0,car/driveMode/0.0
1359424,,5399.0,car/driveMode/0.0
1359425,,5399.0,car/driveMode/0.0
1359426,,5399.0,car/driveMode/0.0
1359427,,5399.0,car/driveMode/0.0
1359428,,5399.0,car/driveMode/0.0
1359429,,5399.0,car/driveMode/0.0
1359430,,5399.0,car/driveMode/0.0
1359431,,5399.0,car/driveMode/0.0
1359432,,5399.0,car/driveMode/0.0
1359433,,5399.0,car/driveMode/0.0
1359434,,5399.0,car/driveMode/0.0
1359435,,5399.0,car/driveMode/0.0
1359436,,5399.0,car/driveMode/0.0
1359437,,5399.0,car/driveMode/0.0
1359438,,5399.0,car/driveMode/0.0
1359439,,5399.0,car/driveMode/0.0
1359440,,5399.0,car/driveMode/0.0
1359441,,5399.0,car/driveMode/0.0
1359442,,5399.0,car/driveMode/0.0
1359443,,5399.0,car/driveMode/0.0
1359444,,5399.0,car/driveMode/0.0
1359445,,5399.0,car/driveMode/0.0
1359446,,5399.0,car/driveMode/0.0
1359447,,5399.0,car/driveMode/0.0
1359448,,5399.0,car/driveMode/0.0
1359449,,5399.0,car/driveMode/0.0
1359450,,5399.0,car/driveMode/0.0
1359451,,5399.0,car/driveMode/0.0
1359452,,5399.0,car/driveMode/0.0
1359453,,5399.0,car/driveMode/0.0
1359454,,5399.0,car/driveMode/0.0
1359455,,5399.0,car/driveMode/0.0
1359456,,5399.0,car/driveMode/0.0
1359457,,5399.0,car/driveMode/0.0
1359458,,5399.0,car/driveMode/0.0
1359459,,5399.0,car/driveMode/0.0
1359460,,5399.0,car/driveMode/0.0
1359461,,5399.0,car/driveMode/0.0
1359462,,5399.0,car/driveMode/0.0
1359463,,5399.0,car/driveMode/0.0
1359464,,5399.0,car/driveMode/0.0
1359465,,5399.0,car/driveMode/0.0
1359466,,5399.0,car/driveMode/0.0
1359467,,5399.0,car/driveMode/0.0
1359468,,5399.0,car/driveMode/0.0
1359469,,5399.0,car/driveMode/0.0
1359470,,5399.0,car/driveMode/0.0
1359471,,5399.0,car/driveMode/0.0
1359472,,5399.0,car/driveMode/0.0
1359473,,5399.0,car/driveMode/0.0
1359474,,5399.0,car/driveMode/0.0
1359475,,5399.0,car/driveMode/0.0
1359476,,5399.0,car/driveMode/0.0
1359477,,5399.0,car/driveMode/0.0
1359478,,5399.0,car/driveMode/0.0
1359479,,5399.0,car/driveMode/0.0
1359480,,5399.0,car/driveMode/0.0
1359481,,5399.0,car/driveMode/0.0
1359482,,5399.0,car/driveMode/0.0
1359483,,5399.0,car/driveMode/0.0
1359484,,5399.0,car/driveMode/0.0
1359485,,5399.0,car/driveMode/0.0
1359486,,5399.0,car/driveMode/0.0
1359487,,5399.0,car/driveMode/0.0
1359488,,5399.0,car/driveMode/0.0
1359489,,5399.0,car/driveMode/0.0
1359490,,5399.0,car/driveMode/0.0
1359491,,5399.0,car/driveMode/0.0
1359492,,5399.0,car/driveMode/0.0
1359493,,5399.0,car/driveMode/0.0
1359494,,5399.0,car/driveMode/0.0
1359495,,5399.0,car/driveMode/0.0
1359496,,5399.0,car/driveMode/0.0
1359497,,5399.0,car/driveMode/0.0
1359498,,5399.0,car/driveMode/0.0
1359499,,5399.0,car/driveMode/0.0
1359500,,5399.0,car/driveMode/0.0
1359501,,5399.0,car/driveMode/0.0
1359502,,5399.0,car/driveMode/0.0
1359503,,5399.0,car/driveMode/0.0
1359504,,5399.0,car/driveMode/0.0
1359505,,5399.0,car/driveMode/0.0
1359506,,5399.0,car/driveMode/0.0
1359507,,5399.0,car/driveMode/0.0
1359508,,5399.0,car/driveMode/0.0
1359509,,5399.0,car/driveMode/0.0
1359510,,5399.0,car/driveMode/0.0
1359511,,5399.0,car/driveMode/0.0
1359512,,5399.0,car/driveMode/0.0
1359513,,5399.0,car/driveMode/0.0
1359514,,5399.0,car/driveMode/0.0
1359515,,5399.0,car/driveMode/0.0
1359516,,5399.0,car/driveMode/0.0
1359517,,5399.0,car/driveMode/0.0
1359518,,5399.0,car/driveMode/0.0
1359519,,5399.0,car/driveMode/0.0
1359520,,5399.0,car/driveMode/0.0
1359521,,5399.0,car/driveMode/0.0
1359522,,5399.0,car/driveMode/0.0
1359523,,5399.0,car/driveMode/0.0
1359524,,5399.0,car/driveMode/0.0
1359525,,5399.0,car/driveMode/0.0
1359526,,5399.0,car/driveMode/0.0
1359527,,5399.0,car/driveMode/0.0
1359528,,5399.0,car/driveMode/0.0
1359529,,5399.0,car/driveMode/0.0
1359530,,5399.0,car/driveMode/0.0
1359531,,5399.0,car/driveMode/0.0
1359532,,5399.0,car/driveMode/0.0
1359533,,5399.0,car/driveMode/0.0
1359534,,5399.0,car/driveMode/0.0
1359535,,5399.0,car/driveMode/0.0
1359536,,5399.0,car/driveMode/0.0
1359537,,5399.0,car/driveMode/0.0
1359538,,5399.0,car/driveMode/0.0
1359539,,5399.0,car/driveMode/0.0
1359540,,5399.0,car/driveMode/0.0
1359541,,5399.0,car/driveMode/0.0
1359542,,5399.0,car/driveMode/0.0
1359543,,5399.0,car/driveMode/0.0
1359544,,5399.0,car/driveMode/0.0
1359545,,5399.0,car/driveMode/0.0
1359546,,5399.0,car/driveMode/0.0
1359547,,5399.0,car/driveMode/0.0
1359548,,5399.0,car/driveMode/0.0
1359549,,5399.0,car/driveMode/0.0
1359550,,5399.0,car/driveMode/0.0
1359551,,5399.0,car/driveMode/0.0
1359552,,5399.0,car/driveMode/0.0
1359553,,5399.0,car/driveMode/0.0
1359554,,5399.0,car/driveMode/0.0
1359555,,5399.0,car/driveMode/0.0
1359556,,5399.0,car/driveMode/0.0
1359557,,5399.0,car/driveMode/0.0
1359558,,5399.0,car/driveMode/0.0
1359559,,5399.0,car/driveMode/0.0
1359560,,5399.0,car/driveMode/0.0
1359561,,5399.0,car/driveMode/0.0
1359562,,5399.0,car/driveMode/0.0
1359563,,5399.0,car/driveMode/0.0
1359564,,5399.0,car/driveMode/0.0
1359565,,5399.0,car/driveMode/0.0
1359566,,5399.0,car/driveMode/0.0
1359567,,5399.0,car/driveMode/0.0
1359568,,5399.0,car/driveMode/0.0
1359569,,5399.0,car/driveMode/0.0
1359570,,5399.0,car/driveMode/0.0
1359571,,5399.0,car/driveMode/0.0
1359572,,5399.0,car/driveMode/0.0
1359573,,5399.0,car/driveMode/0.0
1359574,,5399.0,car/driveMode/0.0
1359575,,5399.0,car/driveMode/0.0
1359576,,5399.0,car/driveMode/0.0
1359577,,5399.0,car/driveMode/0.0
1359578,,5399.0,car/driveMode/0.0
1359579,,5399.0,car/driveMode/0.0
1359580,,5399.0,car/driveMode/0.0
1359581,,5399.0,car/driveMode/0.0
1359582,,5399.0,car/driveMode/0.0
1359583,,5399.0,car/driveMode/0.0
1359584,,5399.0,car/driveMode/0.0
1359585,,5399.0,car/driveMode/0.0
1359586,,5399.0,car/driveMode/0.0
1359587,,5399.0,car/driveMode/0.0
1359588,,5399.0,car/driveMode/0.0
1359589,,5399.0,car/driveMode/0.0
1359590,,5399.0,car/driveMode/0.0
1359591,,5399.0,car/driveMode/0.0
1359592,,5399.0,car/driveMode/0.0
1359593,,5399.0,car/driveMode/0.0
1359594,,5399.0,car/driveMode/0.0
1359595,,5399.0,car/driveMode/0.0
1359596,,5399.0,car/driveMode/0.0
1359597,,5399.0,car/driveMode/0.0
1359598,,5399.0,car/driveMode/0.0
1359599,,5399.0,car/driveMode/0.0
1359600,,5399.0,car/driveMode/0.0
1359601,,5399.0,car/driveMode/0.0
1359602,,5399.0,car/driveMode/0.0
1359603,,5399.0,car/driveMode/0.0
1359604,,5399.0,car/driveMode/0.0
1359605,,5399.0,car/driveMode/0.0
1359606,,5399.0,car/driveMode/0.0
1359607,,5399.0,car/driveMode/0.0
1359608,,5399.0,car/driveMode/0.0
1359609,,5399.0,car/driveMode/0.0
1359610,,5399.0,car/driveMode/0.0
1359611,,5399.0,car/driveMode/0.0
1359612,,5399.0,car/driveMode/0.0
1359613,,5399.0,car/driveMode/0.0
1359614,,5399.0,car/driveMode/0.0
1359615,,5399.0,car/driveMode/0.0
1359616,,5399.0,car/driveMode/0.0
1359617,,5399.0,car/driveMode/0.0
1359618,,5399.0,car/driveMode/0.0
1359619,,5399.0,car/driveMode/0.0
1359620,,5399.0,car/driveMode/0.0
1359621,,5399.0,car/driveMode/0.0
1359622,,5399.0,car/driveMode/0.0
1359623,,5399.0,car/driveMode/0.0
1359624,,5399.0,car/driveMode/0.0
1359625,,5399.0,car/driveMode/0.0
1359626,,5399.0,car/driveMode/0.0
1359627,,5399.0,car/driveMode/0.0
1359628,,5399.0,car/driveMode/0.0
1359629,,5399.0,car/driveMode/0.0
1359630,,5399.0,car/driveMode/0.0
1359631,,5399.0,car/driveMode/0.0
1359632,,5399.0,car/driveMode/0.0
1359633,,5399.0,car/driveMode/0.0
1359634,,5399.0,car/driveMode/0.0
1359635,,5399.0,car/driveMode/0.0
1359636,,5399.0,car/driveMode/0.0
1359637,,5399.0,car/driveMode/0.0
1359638,,5399.0,car/driveMode/0.0
1359639,,5399.0,car/driveMode/0.0
1359640,,5399.0,car/driveMode/0.0
1359641,,5399.0,car/driveMode/0.0
1359642,,5399.0,car/driveMode/0.0
1359643,,5399.0,car/driveMode/0.0
1359644,,5399.0,car/driveMode/0.0
1359645,,5399.0,car/driveMode/0.0
1359646,,5399.0,car/driveMode/0.0
1359647,,5399.0,car/driveMode/0.0
1359648,,5399.0,car/driveMode/0.0
1359649,,5399.0,car/driveMode/0.0
1359650,,5399.0,car/driveMode/0.0
1359651,,5399.0,car/driveMode/0.0
1359652,,5399.0,car/driveMode/0.0
1359653,,5399.0,car/driveMode/0.0
1359654,,5399.0,car/driveMode/0.0
1359655,,5399.0,car/driveMode/0.0
1359656,,5399.0,car/driveMode/0.0
1359657,,5399.0,car/driveMode/0.0
1359658,,5399.0,car/driveMode/0.0
1359659,,5399.0,car/driveMode/0.0
1359660,,5399.0,car/driveMode/0.0
1359661,,5399.0,car/driveMode/0.0
1359662,,5399.0,car/driveMode/0.0
1359663,,5399.0,car/driveMode/0.0
1359664,,5399.0,car/driveMode/0.0
1359665,,5399.0,car/driveMode/0.0
1359666,,5399.0,car/driveMode/0.0
1359667,,5399.0,car/driveMode/0.0
1359668,,5399.0,car/driveMode/0.0
1359669,,5399.0,car/driveMode/0.0
1359670,,5399.0,car/driveMode/0.0
1359671,,5399.0,car/driveMode/0.0
1359672,,5399.0,car/driveMode/0.0
1359673,,5399.0,car/driveMode/0.0
1359674,,5399.0,car/driveMode/0.0
1359675,,5399.0,car/driveMode/0.0
1359676,,5399.0,car/driveMode/0.0
1359677,,5399.0,car/driveMode/0.0
1359678,,5399.0,car/driveMode/0.0
1359679,,5399.0,car/driveMode/0.0
1359680,,5399.0,car/driveMode/0.0
1359681,,5399.0,car/driveMode/0.0
1359682,,5399.0,car/driveMode/0.0
1359683,,5399.0,car/driveMode/0.0
1359684,,5399.0,car/driveMode/0.0
1359685,,5399.0,car/driveMode/0.0
1359686,,5399.0,car/driveMode/0.0
1359687,,5399.0,car/driveMode/0.0
1359688,,5399.0,car/driveMode/0.0
1359689,,5399.0,car/driveMode/0.0
1359690,,5399.0,car/driveMode/0.0
1359691,,5399.0,car/driveMode/0.0
1359692,,5399.0,car/driveMode/0.0
1359693,,5399.0,car/driveMode/0.0
1359694,,5399.0,car/driveMode/0.0
1359695,,5399.0,car/driveMode/0.0
1359696,,5399.0,car/driveMode/0.0
1359697,,5399.0,car/driveMode/0.0
1359698,,5399.0,car/driveMode/0.0
1359699,,5399.0,car/driveMode/0.0
1359700,,5399.0,car/driveMode/0.0
1359701,,5399.0,car/driveMode/0.0
1359702,,5399.0,car/driveMode/0.0
1359703,,5399.0,car/driveMode/0.0
1359704,,5399.0,car/driveMode/0.0
1359705,,5399.0,car/driveMode/0.0
1359706,,5399.0,car/driveMode/0.0
1359707,,5399.0,car/driveMode/0.0
1359708,,5399.0,car/driveMode/0.0
1359709,,5399.0,car/driveMode/0.0
1359710,,5399.0,car/driveMode/0.0
1359711,,5399.0,car/driveMode/0.0
1359712,,5399.0,car/driveMode/0.0
1359713,,5399.0,car/driveMode/0.0
1359714,,5399.0,car/driveMode/0.0
1359715,,5399.0,car/driveMode/0.0
1359716,,5399.0,car/driveMode/0.0
1359717,,5399.0,car/driveMode/0.0
1359718,,5399.0,car/driveMode/0.0
1359719,,5399.0,car/driveMode/0.0
1359720,,5399.0,car/driveMode/0.0
1359721,,5399.0,car/driveMode/0.0
1359722,,5399.0,car/driveMode/0.0
1359723,,5399.0,car/driveMode/0.0
1359724,,5399.0,car/driveMode/0.0
1359725,,5399.0,car/driveMode/0.0
1359726,,5399.0,car/driveMode/0.0
1359727,,5399.0,car/driveMode/0.0
1359728,,5399.0,car/driveMode/0.0
1359729,,5399.0,car/driveMode/0.0
1359730,,5399.0,car/driveMode/0.0
1359731,,5399.0,car/driveMode/0.0
1359732,,5399.0,car/driveMode/0.0
1359733,,5399.0,car/driveMode/0.0
1359734,,5399.0,car/driveMode/0.0
1359735,,5399.0,car/driveMode/0.0
1359736,,5399.0,car/driveMode/0.0
1359737,,5399.0,car/driveMode/0.0
1359738,,5399.0,car/driveMode/0.0
1359739,,5399.0,car/driveMode/0.0
1359740,,5399.0,car/driveMode/0.0
1359741,,5399.0,car/driveMode/0.0
1359742,,5399.0,car/driveMode/0.0
1359743,,5399.0,car/driveMode/0.0
1359744,,5399.0,car/driveMode/0.0
1359745,,5399.0,car/driveMode/0.0
1359746,,5399.0,car/driveMode/0.0
1359747,,5399.0,car/driveMode/0.0
1359748,,5399.0,car/driveMode/0.0
1359749,,5399.0,car/driveMode/0.0
1359750,,5399.0,car/driveMode/0.0
1359751,,5399.0,car/driveMode/0.0
1359752,,5399.0,car/driveMode/0.0
1359753,,5399.0,car/driveMode/0.0
1359754,,5399.0,car/driveMode/0.0
1359755,,5399.0,car/driveMode/0.0
1359756,,5399.0,car/driveMode/0.0
1359757,,5399.0,car/driveMode/0.0
1359758,,5399.0,car/driveMode/0.0
1359759,,5399.0,car/driveMode/0.0
1359760,,5399.0,car/driveMode/0.0
1359761,,5399.0,car/driveMode/0.0
1359762,,5399.0,car/driveMode/0.0
1359763,,5399.0,car/driveMode/0.0
1359764,,5399.0,car/driveMode/0.0
1359765,,5399.0,car/driveMode/0.0
1359766,,5399.0,car/driveMode/0.0
1359767,,5399.0,car/driveMode/0.0
1359768,,5399.0,car/driveMode/0.0
1359769,,5399.0,car/driveMode/0.0
1359770,,5399.0,car/driveMode/0.0
1359771,,5399.0,car/driveMode/0.0
1359772,,5399.0,car/driveMode/0.0
1359773,,5399.0,car/driveMode/0.0
1359774,,5399.0,car/driveMode/0.0
1359775,,5399.0,car/driveMode/0.0
1359776,,5399.0,car/driveMode/0.0
1359777,,5399.0,car/driveMode/0.0
1359778,,5399.0,car/driveMode/0.0
1359779,,5399.0,car/driveMode/0.0
1359780,,5399.0,car/driveMode/0.0
1359781,,5399.0,car/driveMode/0.0
1359782,,5399.0,car/driveMode/0.0
1359783,,5399.0,car/driveMode/0.0
1359784,,5399.0,car/driveMode/0.0
1359785,,5399.0,car/driveMode/0.0
1359786,,5399.0,car/driveMode/0.0
1359787,,5399.0,car/driveMode/0.0
1359788,,5399.0,car/driveMode/0.0
1359789,,5399.0,car/driveMode/0.0
1359790,,5399.0,car/driveMode/0.0
1359791,,5399.0,car/driveMode/0.0
1359792,,5399.0,car/driveMode/0.0
1359793,,5399.0,car/driveMode/0.0
1359794,,5399.0,car/driveMode/0.0
1359795,,5399.0,car/driveMode/0.0
1359796,,5399.0,car/driveMode/0.0
1359797,,5399.0,car/driveMode/0.0
1359798,,5399.0,car/driveMode/0.0
1359799,,5399.0,car/driveMode/0.0
1359800,,5399.0,car/driveMode/0.0
1359801,,5399.0,car/driveMode/0.0
1359802,,5399.0,car/driveMode/0.0
1359803,,5399.0,car/driveMode/0.0
1359804,,5399.0,car/driveMode/0.0
1359805,,5399.0,car/driveMode/0.0
1359806,,5399.0,car/driveMode/0.0
1359807,,5399.0,car/driveMode/0.0
1359808,,5399.0,car/driveMode/0.0
1359809,,5399.0,car/driveMode/0.0
1359810,,5399.0,car/driveMode/0.0
1359811,,5399.0,car/driveMode/0.0
1359812,,5399.0,car/driveMode/0.0
1359813,,5399.0,car/driveMode/0.0
1359814,,5399.0,car/driveMode/0.0
1359815,,5399.0,car/driveMode/0.0
1359816,,5399.0,car/driveMode/0.0
1359817,,5399.0,car/driveMode/0.0
1359818,,5399.0,car/driveMode/0.0
1359819,,5399.0,car/driveMode/0.0
1359820,,5399.0,car/driveMode/0.0
1359821,,5399.0,car/driveMode/0.0
1359822,,5399.0,car/driveMode/0.0
1359823,,5399.0,car/driveMode/0.0
1359824,,5399.0,car/driveMode/0.0
1359825,,5399.0,car/driveMode/0.0
1359826,,5399.0,car/driveMode/0.0
1359827,,5399.0,car/driveMode/0.0
1359828,,5399.0,car/driveMode/0.0
1359829,,5399.0,car/driveMode/0.0
1359830,,5399.0,car/driveMode/0.0
1359831,,5399.0,car/driveMode/0.0
1359832,,5399.0,car/driveMode/0.0
1359833,,5399.0,car/driveMode/0.0
1359834,,5399.0,car/driveMode/0.0
1359835,,5399.0,car/driveMode/0.0
1359836,,5399.0,car/driveMode/0.0
1359837,,5399.0,car/driveMode/0.0
1359838,,5399.0,car/driveMode/0.0
1359839,,5399.0,car/driveMode/0.0
1359840,,5399.0,car/driveMode/0.0
1359841,,5399.0,car/driveMode/0.0
1359842,,5399.0,car/driveMode/0.0
1359843,,5399.0,car/driveMode/0.0
1359844,,5399.0,car/driveMode/0.0
1359845,,5399.0,car/driveMode/0.0
1359846,,5399.0,car/driveMode/0.0
1359847,,5399.0,car/driveMode/0.0
1359848,,5399.0,car/driveMode/0.0
1359849,,5399.0,car/driveMode/0.0
1359850,,5399.0,car/driveMode/0.0
1359851,,5399.0,car/driveMode/0.0
1359852,,5399.0,car/driveMode/0.0
1359853,,5399.0,car/driveMode/0.0
1359854,,5399.0,car/driveMode/0.0
1359855,,5399.0,car/driveMode/0.0
1359856,,5399.0,car/driveMode/0.0
1359857,,5399.0,car/driveMode/0.0
1359858,,5399.0,car/driveMode/0.0
1359859,,5399.0,car/driveMode/0.0
1359860,,5399.0,car/driveMode/0.0
1359861,,5399.0,car/driveMode/0.0
1359862,,5399.0,car/driveMode/0.0
1359863,,5399.0,car/driveMode/0.0
1359864,,5399.0,car/driveMode/0.0
1359865,,5399.0,car/driveMode/0.0
1359866,,5399.0,car/driveMode/0.0
1359867,,5399.0,car/driveMode/0.0
1359868,,5399.0,car/driveMode/0.0
1359869,,5399.0,car/driveMode/0.0
1359870,,5399.0,car/driveMode/0.0
1359871,,5399.0,car/driveMode/0.0
1359872,,5399.0,car/driveMode/0.0
1359873,,5399.0,car/driveMode/0.0
1359874,,5399.0,car/driveMode/0.0
1359875,,5399.0,car/driveMode/0.0
1359876,,5399.0,car/driveMode/0.0
1359877,,5399.0,car/driveMode/0.0
1359878,,5399.0,car/driveMode/0.0
1359879,,5399.0,car/driveMode/0.0
1359880,,5399.0,car/driveMode/0.0
1359881,,5399.0,car/driveMode/0.0
1359882,,5399.0,car/driveMode/0.0
1359883,,5399.0,car/driveMode/0.0
1359884,,5399.0,car/driveMode/0.0
1359885,,5399.0,car/driveMode/0.0
1359886,,5399.0,car/driveMode/0.0
1359887,,5399.0,car/driveMode/0.0
1359888,,5399.0,car/driveMode/0.0
1359889,,5399.0,car/driveMode/0.0
1359890,,5399.0,car/driveMode/0.0
1359891,,5399.0,car/driveMode/0.0
1359892,,5399.0,car/driveMode/0.0
1359893,,5399.0,car/driveMode/0.0
1359894,,5399.0,car/driveMode/0.0
1359895,,5399.0,car/driveMode/0.0
1359896,,5399.0,car/driveMode/0.0
1359897,,5399.0,car/driveMode/0.0
1359898,,5399.0,car/driveMode/0.0
1359899,,5399.0,car/driveMode/0.0
1359900,,5399.0,car/driveMode/0.0
1359901,,5399.0,car/driveMode/0.0
1359902,,5399.0,car/driveMode/0.0
1359903,,5399.0,car/driveMode/0.0
1359904,,5399.0,car/driveMode/0.0
1359905,,5399.0,car/driveMode/0.0
1359906,,5399.0,car/driveMode/0.0
1359907,,5399.0,car/driveMode/0.0
1359908,,5399.0,car/driveMode/0.0
1359909,,5399.0,car/driveMode/0.0
1359910,,5399.0,car/driveMode/0.0
1359911,,5399.0,car/driveMode/0.0
1359912,,5399.0,car/driveMode/0.0
1359913,,5399.0,car/driveMode/0.0
1359914,,5399.0,car/driveMode/0.0
1359915,,5399.0,car/driveMode/0.0
1359916,,5399.0,car/driveMode/0.0
1359917,,5399.0,car/driveMode/0.0
1359918,,5399.0,car/driveMode/0.0
1359919,,5399.0,car/driveMode/0.0
1359920,,5399.0,car/driveMode/0.0
1359921,,5399.0,car/driveMode/0.0
1359922,,5399.0,car/driveMode/0.0
1359923,,5399.0,car/driveMode/0.0
1359924,,5399.0,car/driveMode/0.0
1359925,,5399.0,car/driveMode/0.0
1359926,,5399.0,car/driveMode/0.0
1359927,,5399.0,car/driveMode/0.0
1359928,,5399.0,car/driveMode/0.0
1359929,,5399.0,car/driveMode/0.0
1359930,,5399.0,car/driveMode/0.0
1359931,,5399.0,car/driveMode/0.0
1359932,,5399.0,car/driveMode/0.0
1359933,,5399.0,car/driveMode/0.0
1359934,,5399.0,car/driveMode/0.0
1359935,,5399.0,car/driveMode/0.0
1359936,,5399.0,car/driveMode/0.0
1359937,,5399.0,car/driveMode/0.0
1359938,,5399.0,car/driveMode/0.0
1359939,,5399.0,car/driveMode/0.0
1359940,,5399.0,car/driveMode/0.0
1359941,,5399.0,car/driveMode/0.0
1359942,,5399.0,car/driveMode/0.0
1359943,,5399.0,car/driveMode/0.0
1359944,,5399.0,car/driveMode/0.0
1359945,,5399.0,car/driveMode/0.0
1359946,,5399.0,car/driveMode/0.0
1359947,,5399.0,car/driveMode/0.0
1359948,,5399.0,car/driveMode/0.0
1359949,,5399.0,car/driveMode/0.0
1359950,,5399.0,car/driveMode/0.0
1359951,,5399.0,car/driveMode/0.0
1359952,,5399.0,car/driveMode/0.0
1359953,,5399.0,car/driveMode/0.0
1359954,,5399.0,car/driveMode/0.0
1359955,,5399.0,car/driveMode/0.0
1359956,,5399.0,car/driveMode/0.0
1359957,,5399.0,car/driveMode/0.0
1359958,,5399.0,car/driveMode/0.0
1359959,,5399.0,car/driveMode/0.0
1359960,,5399.0,car/driveMode/0.0
1359961,,5399.0,car/driveMode/0.0
1359962,,5399.0,car/driveMode/0.0
1359963,,5399.0,car/driveMode/0.0
1359964,,5399.0,car/driveMode/0.0
1359965,,5399.0,car/driveMode/0.0
1359966,,5399.0,car/driveMode/0.0
1359967,,5399.0,car/driveMode/0.0
1359968,,5399.0,car/driveMode/0.0
1359969,,5399.0,car/driveMode/0.0
1359970,,5399.0,car/driveMode/0.0
1359971,,5399.0,car/driveMode/0.0
1359972,,5399.0,car/driveMode/0.0
1359973,,5399.0,car/driveMode/0.0
1359974,,5399.0,car/driveMode/0.0
1359975,,5399.0,car/driveMode/0.0
1359976,,5399.0,car/driveMode/0.0
1359977,,5399.0,car/driveMode/0.0
1359978,,5399.0,car/driveMode/0.0
1359979,,5399.0,car/driveMode/0.0
1359980,,5399.0,car/driveMode/0.0
1359981,,5399.0,car/driveMode/0.0
1359982,,5399.0,car/driveMode/0.0
1359983,,5399.0,car/driveMode/0.0
1359984,,5399.0,car/driveMode/0.0
1359985,,5399.0,car/driveMode/0.0
1359986,,5399.0,car/driveMode/0.0
1359987,,5399.0,car/driveMode/0.0
1359988,,5399.0,car/driveMode/0.0
1359989,,5399.0,car/driveMode/0.0
1359990,,5399.0,car/driveMode/0.0
1359991,,5399.0,car/driveMode/0.0
1359992,,5399.0,car/driveMode/0.0
1359993,,5399.0,car/driveMode/0.0
1359994,,5399.0,car/driveMode/0.0
1359995,,5399.0,car/driveMode/0.0
1359996,,5399.0,car/driveMode/0.0
1359997,,5399.0,car/driveMode/0.0
1359998,,5399.0,car/driveMode/0.0
1359999,,5399.0,car/driveMode/0.0
1360000,,5399.0,car/driveMode/0.0
1360001,,5399.0,car/driveMode/0.0
1360002,,5399.0,car/driveMode/0.0
1360003,,5399.0,car/driveMode/0.0
1360004,,5399.0,car/driveMode/0.0
1360005,,5399.0,car/driveMode/0.0
1360006,,5399.0,car/driveMode/0.0
1360007,,5399.0,car/driveMode/0.0
1360008,,5399.0,car/driveMode/0.0
1360009,,5399.0,car/driveMode/0.0
1360010,,5399.0,car/driveMode/0.0
1360011,,5399.0,car/driveMode/0.0
1360012,,5399.0,car/driveMode/0.0
1360013,,5399.0,car/driveMode/0.0
1360014,,5399.0,car/driveMode/0.0
1360015,,5399.0,car/driveMode/0.0
1360016,,5399.0,car/driveMode/0.0
1360017,,5399.0,car/driveMode/0.0
1360018,,5399.0,car/driveMode/0.0
1360019,,5399.0,car/driveMode/0.0
1360020,,5399.0,car/driveMode/0.0
1360021,,5399.0,car/driveMode/0.0
1360022,,5399.0,car/driveMode/0.0
1360023,,5399.0,car/driveMode/0.0
1360024,,5399.0,car/driveMode/0.0
1360025,,5399.0,car/driveMode/0.0
1360026,,5399.0,car/driveMode/0.0
1360027,,5399.0,car/driveMode/0.0
1360028,,5399.0,car/driveMode/0.0
1360029,,5399.0,car/driveMode/0.0
1360030,,5399.0,car/driveMode/0.0
1360031,,5399.0,car/driveMode/0.0
1360032,,5399.0,car/driveMode/0.0
1360033,,5399.0,car/driveMode/0.0
1360034,,5399.0,car/driveMode/0.0
1360035,,5399.0,car/driveMode/0.0
1360036,,5399.0,car/driveMode/0.0
1360037,,5399.0,car/driveMode/0.0
1360038,,5399.0,car/driveMode/0.0
1360039,,5399.0,car/driveMode/0.0
1360040,,5399.0,car/driveMode/0.0
1360041,,5399.0,car/driveMode/0.0
1360042,,5399.0,car/driveMode/0.0
1360043,,5399.0,car/driveMode/0.0
1360044,,5399.0,car/driveMode/0.0
1360045,,5399.0,car/driveMode/0.0
1360046,,5399.0,car/driveMode/0.0
1360047,,5399.0,car/driveMode/0.0
1360048,,5399.0,car/driveMode/0.0
1360049,,5399.0,car/driveMode/0.0
1360050,,5399.0,car/driveMode/0.0
1360051,,5399.0,car/driveMode/0.0
1360052,,5399.0,car/driveMode/0.0
1360053,,5399.0,car/driveMode/0.0
1360054,,5399.0,car/driveMode/0.0
1360055,,5399.0,car/driveMode/0.0
1360056,,5399.0,car/driveMode/0.0
1360057,,5399.0,car/driveMode/0.0
1360058,,5399.0,car/driveMode/0.0
1360059,,5399.0,car/driveMode/0.0
1360060,,5399.0,car/driveMode/0.0
1360061,,5399.0,car/driveMode/0.0
1360062,,5399.0,car/driveMode/0.0
1360063,,5399.0,car/driveMode/0.0
1360064,,5399.0,car/driveMode/0.0
1360065,,5399.0,car/driveMode/0.0
1360066,,5399.0,car/driveMode/0.0
1360067,,5399.0,car/driveMode/0.0
1360068,,5399.0,car/driveMode/0.0
1360069,,5399.0,car/driveMode/0.0
1360070,,5399.0,car/driveMode/0.0
1360071,,5399.0,car/driveMode/0.0
1360072,,5399.0,car/driveMode/0.0
1360073,,5399.0,car/driveMode/0.0
1360074,,5399.0,car/driveMode/0.0
1360075,,5399.0,car/driveMode/0.0
1360076,,5399.0,car/driveMode/0.0
1360077,,5399.0,car/driveMode/0.0
1360078,,5399.0,car/driveMode/0.0
1360079,,5399.0,car/driveMode/0.0
1360080,,5399.0,car/driveMode/0.0
1360081,,5399.0,car/driveMode/0.0
1360082,,5399.0,car/driveMode/0.0
1360083,,5399.0,car/driveMode/0.0
1360084,,5399.0,car/driveMode/0.0
1360085,,5399.0,car/driveMode/0.0
1360086,,5399.0,car/driveMode/0.0
1360087,,5399.0,car/driveMode/0.0
1360088,,5399.0,car/driveMode/0.0
1360089,,5399.0,car/driveMode/0.0
1360090,,5399.0,car/driveMode/0.0
1360091,,5399.0,car/driveMode/0.0
1360092,,5399.0,car/driveMode/0.0
1360093,,5399.0,car/driveMode/0.0
1360094,,5399.0,car/driveMode/0.0
1360095,,5399.0,car/driveMode/0.0
1360096,,5399.0,car/driveMode/0.0
1360097,,5399.0,car/driveMode/0.0
1360098,,5399.0,car/driveMode/0.0
1360099,,5399.0,car/driveMode/0.0
1360100,,5399.0,car/driveMode/0.0
1360101,,5399.0,car/driveMode/0.0
1360102,,5399.0,car/driveMode/0.0
1360103,,5399.0,car/driveMode/0.0
1360104,,5399.0,car/driveMode/0.0
1360105,,5399.0,car/driveMode/0.0
1360106,,5399.0,car/driveMode/0.0
1360107,,5399.0,car/driveMode/0.0
1360108,,5399.0,car/driveMode/0.0
1360109,,5399.0,car/driveMode/0.0
1360110,,5399.0,car/driveMode/0.0
1360111,,5399.0,car/driveMode/0.0
1360112,,5399.0,car/driveMode/0.0
1360113,,5399.0,car/driveMode/0.0
1360114,,5399.0,car/driveMode/0.0
1360115,,5399.0,car/driveMode/0.0
1360116,,5399.0,car/driveMode/0.0
1360117,,5399.0,car/driveMode/0.0
1360118,,5399.0,car/driveMode/0.0
1360119,,5399.0,car/driveMode/0.0
1360120,,5399.0,car/driveMode/0.0
1360121,,5399.0,car/driveMode/0.0
1360122,,5399.0,car/driveMode/0.0
1360123,,5399.0,car/driveMode/0.0
1360124,,5399.0,car/driveMode/0.0
1360125,,5399.0,car/driveMode/0.0
1360126,,5399.0,car/driveMode/0.0
1360127,,5399.0,car/driveMode/0.0
1360128,,5399.0,car/driveMode/0.0
1360129,,5399.0,car/driveMode/0.0
1360130,,5399.0,car/driveMode/0.0
1360131,,5399.0,car/driveMode/0.0
1360132,,5399.0,car/driveMode/0.0
1360133,,5399.0,car/driveMode/0.0
1360134,,5399.0,car/driveMode/0.0
1360135,,5399.0,car/driveMode/0.0
1360136,,5399.0,car/driveMode/0.0
1360137,,5399.0,car/driveMode/0.0
1360138,,5399.0,car/driveMode/0.0
1360139,,5399.0,car/driveMode/0.0
1360140,,5399.0,car/driveMode/0.0
1360141,,5399.0,car/driveMode/0.0
1360142,,5399.0,car/driveMode/0.0
1360143,,5399.0,car/driveMode/0.0
1360144,,5399.0,car/driveMode/0.0
1360145,,5399.0,car/driveMode/0.0
1360146,,5399.0,car/driveMode/0.0
1360147,,5399.0,car/driveMode/0.0
1360148,,5399.0,car/driveMode/0.0
1360149,,5399.0,car/driveMode/0.0
1360150,,5399.0,car/driveMode/0.0
1360151,,5399.0,car/driveMode/0.0
1360152,,5399.0,car/driveMode/0.0
1360153,,5399.0,car/driveMode/0.0
1360154,,5399.0,car/driveMode/0.0
1360155,,5399.0,car/driveMode/0.0
1360156,,5399.0,car/driveMode/0.0
1360157,,5399.0,car/driveMode/0.0
1360158,,5399.0,car/driveMode/0.0
1360159,,5399.0,car/driveMode/0.0
1360160,,5399.0,car/driveMode/0.0
1360161,,5399.0,car/driveMode/0.0
1360162,,5399.0,car/driveMode/0.0
1360163,,5399.0,car/driveMode/0.0
1360164,,5399.0,car/driveMode/0.0
1360165,,5399.0,car/driveMode/0.0
1360166,,5399.0,car/driveMode/0.0
1360167,,5399.0,car/driveMode/0.0
1360168,,5399.0,car/driveMode/0.0
1360169,,5399.0,car/driveMode/0.0
1360170,,5399.0,car/driveMode/0.0
1360171,,5399.0,car/driveMode/0.0
1360172,,5399.0,car/driveMode/0.0
1360173,,5399.0,car/driveMode/0.0
1360174,,5399.0,car/driveMode/0.0
1360175,,5399.0,car/driveMode/0.0
1360176,,5399.0,car/driveMode/0.0
1360177,,5399.0,car/driveMode/0.0
1360178,,5399.0,car/driveMode/0.0
1360179,,5399.0,car/driveMode/0.0
1360180,,5399.0,car/driveMode/0.0
1360181,,5399.0,car/driveMode/0.0
1360182,,5399.0,car/driveMode/0.0
1360183,,5399.0,car/driveMode/0.0
1360184,,5399.0,car/driveMode/0.0
1360185,,5399.0,car/driveMode/0.0
1360186,,5399.0,car/driveMode/0.0
1360187,,5399.0,car/driveMode/0.0
1360188,,5399.0,car/driveMode/0.0
1360189,,5399.0,car/driveMode/0.0
1360190,,5399.0,car/driveMode/0.0
1360191,,5399.0,car/driveMode/0.0
1360192,,5399.0,car/driveMode/0.0
1360193,,5399.0,car/driveMode/0.0
1360194,,5399.0,car/driveMode/0.0
1360195,,5399.0,car/driveMode/0.0
1360196,,5399.0,car/driveMode/0.0
1360197,,5399.0,car/driveMode/0.0
1360198,,5399.0,car/driveMode/0.0
1360199,,5399.0,car/driveMode/0.0
1360200,,5399.0,car/driveMode/0.0
1360201,,5399.0,car/driveMode/0.0
1360202,,5399.0,car/driveMode/0.0
1360203,,5399.0,car/driveMode/0.0
1360204,,5399.0,car/driveMode/0.0
1360205,,5399.0,car/driveMode/0.0
1360206,,5399.0,car/driveMode/0.0
1360207,,5399.0,car/driveMode/0.0
1360208,,5399.0,car/driveMode/0.0
1360209,,5399.0,car/driveMode/0.0
1360210,,5399.0,car/driveMode/0.0
1360211,,5399.0,car/driveMode/0.0
1360212,,5399.0,car/driveMode/0.0
1360213,,5399.0,car/driveMode/0.0
1360214,,5399.0,car/driveMode/0.0
1360215,,5399.0,car/driveMode/0.0
1360216,,5399.0,car/driveMode/0.0
1360217,,5399.0,car/driveMode/0.0
1360218,,5399.0,car/driveMode/0.0
1360219,,5399.0,car/driveMode/0.0
1360220,,5399.0,car/driveMode/0.0
1360221,,5399.0,car/driveMode/0.0
1360222,,5399.0,car/driveMode/0.0
1360223,,5399.0,car/driveMode/0.0
1360224,,5399.0,car/driveMode/0.0
1360225,,5399.0,car/driveMode/0.0
1360226,,5399.0,car/driveMode/0.0
1360227,,5399.0,car/driveMode/0.0
1360228,,5399.0,car/driveMode/0.0
1360229,,5399.0,car/driveMode/0.0
1360230,,5399.0,car/driveMode/0.0
1360231,,5399.0,car/driveMode/0.0
1360232,,5399.0,car/driveMode/0.0
1360233,,5399.0,car/driveMode/0.0
1360234,,5399.0,car/driveMode/0.0
1360235,,5399.0,car/driveMode/0.0
1360236,,5399.0,car/driveMode/0.0
1360237,,5399.0,car/driveMode/0.0
1360238,,5399.0,car/driveMode/0.0
1360239,,5399.0,car/driveMode/0.0
1360240,,5399.0,car/driveMode/0.0
1360241,,5399.0,car/driveMode/0.0
1360242,,5399.0,car/driveMode/0.0
1360243,,5399.0,car/driveMode/0.0
1360244,,5399.0,car/driveMode/0.0
1360245,,5399.0,car/driveMode/0.0
1360246,,5399.0,car/driveMode/0.0
1360247,,5399.0,car/driveMode/0.0
1360248,,5399.0,car/driveMode/0.0
1360249,,5399.0,car/driveMode/0.0
1360250,,5399.0,car/driveMode/0.0
1360251,,5399.0,car/driveMode/0.0
1360252,,5399.0,car/driveMode/0.0
1360253,,5399.0,car/driveMode/0.0
1360254,,5399.0,car/driveMode/0.0
1360255,,5399.0,car/driveMode/0.0
1360256,,5399.0,car/driveMode/0.0
1360257,,5399.0,car/driveMode/0.0
1360258,,5399.0,car/driveMode/0.0
1360259,,5399.0,car/driveMode/0.0
1360260,,5399.0,car/driveMode/0.0
1360261,,5399.0,car/driveMode/0.0
1360262,,5399.0,car/driveMode/0.0
1360263,,5399.0,car/driveMode/0.0
1360264,,5399.0,car/driveMode/0.0
1360265,,5399.0,car/driveMode/0.0
1360266,,5399.0,car/driveMode/0.0
1360267,,5399.0,car/driveMode/0.0
1360268,,5399.0,car/driveMode/0.0
1360269,,5399.0,car/driveMode/0.0
1360270,,5399.0,car/driveMode/0.0
1360271,,5399.0,car/driveMode/0.0
1360272,,5399.0,car/driveMode/0.0
1360273,,5399.0,car/driveMode/0.0
1360274,,5399.0,car/driveMode/0.0
1360275,,5399.0,car/driveMode/0.0
1360276,,5399.0,car/driveMode/0.0
1360277,,5399.0,car/driveMode/0.0
1360278,,5399.0,car/driveMode/0.0
1360279,,5399.0,car/driveMode/0.0
1360280,,5399.0,car/driveMode/0.0
1360281,,5399.0,car/driveMode/0.0
1360282,,5399.0,car/driveMode/0.0
1360283,,5399.0,car/driveMode/0.0
1360284,,5399.0,car/driveMode/0.0
1360285,,5399.0,car/driveMode/0.0
1360286,,5399.0,car/driveMode/0.0
1360287,,5399.0,car/driveMode/0.0
1360288,,5399.0,car/driveMode/0.0
1360289,,5399.0,car/driveMode/0.0
1360290,,5399.0,car/driveMode/0.0
1360291,,5399.0,car/driveMode/0.0
1360292,,5399.0,car/driveMode/0.0
1360293,,5399.0,car/driveMode/0.0
1360294,,5399.0,car/driveMode/0.0
1360295,,5399.0,car/driveMode/0.0
1360296,,5399.0,car/driveMode/0.0
1360297,,5399.0,car/driveMode/0.0
1360298,,5399.0,car/driveMode/0.0
1360299,,5399.0,car/driveMode/0.0
1360300,,5399.0,car/driveMode/0.0
1360301,,5399.0,car/driveMode/0.0
1360302,,5399.0,car/driveMode/0.0
1360303,,5399.0,car/driveMode/0.0
1360304,,5399.0,car/driveMode/0.0
1360305,,5399.0,car/driveMode/0.0
1360306,,5399.0,car/driveMode/0.0
1360307,,5399.0,car/driveMode/0.0
1360308,,5399.0,car/driveMode/0.0
1360309,,5399.0,car/driveMode/0.0
1360310,,5399.0,car/driveMode/0.0
1360311,,5399.0,car/driveMode/0.0
1360312,,5399.0,car/driveMode/0.0
1360313,,5399.0,car/driveMode/0.0
1360314,,5399.0,car/driveMode/0.0
1360315,,5399.0,car/driveMode/0.0
1360316,,5399.0,car/driveMode/0.0
1360317,,5399.0,car/driveMode/0.0
1360318,,5399.0,car/driveMode/0.0
1360319,,5399.0,car/driveMode/0.0
1360320,,5399.0,car/driveMode/0.0
1360321,,5399.0,car/driveMode/0.0
1360322,,5399.0,car/driveMode/0.0
1360323,,5399.0,car/driveMode/0.0
1360324,,5399.0,car/driveMode/0.0
1360325,,5399.0,car/driveMode/0.0
1360326,,5399.0,car/driveMode/0.0
1360327,,5399.0,car/driveMode/0.0
1360328,,5399.0,car/driveMode/0.0
1360329,,5399.0,car/driveMode/0.0
1360330,,5399.0,car/driveMode/0.0
1360331,,5399.0,car/driveMode/0.0
1360332,,5399.0,car/driveMode/0.0
1360333,,5399.0,car/driveMode/0.0
1360334,,5399.0,car/driveMode/0.0
1360335,,5399.0,car/driveMode/0.0
1360336,,5399.0,car/driveMode/0.0
1360337,,5399.0,car/driveMode/0.0
1360338,,5399.0,car/driveMode/0.0
1360339,,5399.0,car/driveMode/0.0
1360340,,5399.0,car/driveMode/0.0
1360341,,5399.0,car/driveMode/0.0
1360342,,5399.0,car/driveMode/0.0
1360343,,5399.0,car/driveMode/0.0
1360344,,5399.0,car/driveMode/0.0
1360345,,5399.0,car/driveMode/0.0
1360346,,5399.0,car/driveMode/0.0
1360347,,5399.0,car/driveMode/0.0
1360348,,5399.0,car/driveMode/0.0
1360349,,5399.0,car/driveMode/0.0
1360350,,5399.0,car/driveMode/0.0
1360351,,5399.0,car/driveMode/0.0
1360352,,5399.0,car/driveMode/0.0
1360353,,5399.0,car/driveMode/0.0
1360354,,5399.0,car/driveMode/0.0
1360355,,5399.0,car/driveMode/0.0
1360356,,5399.0,car/driveMode/0.0
1360357,,5399.0,car/driveMode/0.0
1360358,,5399.0,car/driveMode/0.0
1360359,,5399.0,car/driveMode/0.0
1360360,,5399.0,car/driveMode/0.0
1360361,,5399.0,car/driveMode/0.0
1360362,,5399.0,car/driveMode/0.0
1360363,,5399.0,car/driveMode/0.0
1360364,,5399.0,car/driveMode/0.0
1360365,,5399.0,car/driveMode/0.0
1360366,,5399.0,car/driveMode/0.0
1360367,,5399.0,car/driveMode/0.0
1360368,,5399.0,car/driveMode/0.0
1360369,,5399.0,car/driveMode/0.0
1360370,,5399.0,car/driveMode/0.0
1360371,,5399.0,car/driveMode/0.0
1360372,,5399.0,car/driveMode/0.0
1360373,,5399.0,car/driveMode/0.0
1360374,,5399.0,car/driveMode/0.0
1360375,,5399.0,car/driveMode/0.0
1360376,,5399.0,car/driveMode/0.0
1360377,,5399.0,car/driveMode/0.0
1360378,,5399.0,car/driveMode/0.0
1360379,,5399.0,car/driveMode/0.0
1360380,,5399.0,car/driveMode/0.0
1360381,,5399.0,car/driveMode/0.0
1360382,,5399.0,car/driveMode/0.0
1360383,,5399.0,car/driveMode/0.0
1360384,,5399.0,car/driveMode/0.0
1360385,,5399.0,car/driveMode/0.0
1360386,,5399.0,car/driveMode/0.0
1360387,,5399.0,car/driveMode/0.0
1360388,,5399.0,car/driveMode/0.0
1360389,,5399.0,car/driveMode/0.0
1360390,,5399.0,car/driveMode/0.0
1360391,,5399.0,car/driveMode/0.0
1360392,,5399.0,car/driveMode/0.0
1360393,,5399.0,car/driveMode/0.0
1360394,,5399.0,car/driveMode/0.0
1360395,,5399.0,car/driveMode/0.0
1360396,,5399.0,car/driveMode/0.0
1360397,,5399.0,car/driveMode/0.0
1360398,,5399.0,car/driveMode/0.0
1360399,,5399.0,car/driveMode/0.0
1360400,,5399.0,car/driveMode/0.0
1360401,,5399.0,car/driveMode/0.0
1360402,,5399.0,car/driveMode/0.0
1360403,,5399.0,car/driveMode/0.0
1360404,,5399.0,car/driveMode/0.0
1360405,,5399.0,car/driveMode/0.0
1360406,,5399.0,car/driveMode/0.0
1360407,,5399.0,car/driveMode/0.0
1360408,,5399.0,car/driveMode/0.0
1360409,,5399.0,car/driveMode/0.0
1360410,,5399.0,car/driveMode/0.0
1360411,,5399.0,car/driveMode/0.0
1360412,,5399.0,car/driveMode/0.0
1360413,,5399.0,car/driveMode/0.0
1360414,,5399.0,car/driveMode/0.0
1360415,,5399.0,car/driveMode/0.0
1360416,,5399.0,car/driveMode/0.0
1360417,,5399.0,car/driveMode/0.0
1360418,,5399.0,car/driveMode/0.0
1360419,,5399.0,car/driveMode/0.0
1360420,,5399.0,car/driveMode/0.0
1360421,,5399.0,car/driveMode/0.0
1360422,,5399.0,car/driveMode/0.0
1360423,,5399.0,car/driveMode/0.0
1360424,,5399.0,car/driveMode/0.0
1360425,,5399.0,car/driveMode/0.0
1360426,,5399.0,car/driveMode/0.0
1360427,,5399.0,car/driveMode/0.0
1360428,,5399.0,car/driveMode/0.0
1360429,,5399.0,car/driveMode/0.0
1360430,,5399.0,car/driveMode/0.0
1360431,,5399.0,car/driveMode/0.0
1360432,,5399.0,car/driveMode/0.0
1360433,,5399.0,car/driveMode/0.0
1360434,,5399.0,car/driveMode/0.0
1360435,,5399.0,car/driveMode/0.0
1360436,,5399.0,car/driveMode/0.0
1360437,,5399.0,car/driveMode/0.0
1360438,,5399.0,car/driveMode/0.0
1360439,,5399.0,car/driveMode/0.0
1360440,,5399.0,car/driveMode/0.0
1360441,,5399.0,car/driveMode/0.0
1360442,,5399.0,car/driveMode/0.0
1360443,,5399.0,car/driveMode/0.0
1360444,,5399.0,car/driveMode/0.0
1360445,,5399.0,car/driveMode/0.0
1360446,,5399.0,car/driveMode/0.0
1360447,,5399.0,car/driveMode/0.0
1360448,,5399.0,car/driveMode/0.0
1360449,,5399.0,car/driveMode/0.0
1360450,,5399.0,car/driveMode/0.0
1360451,,5399.0,car/driveMode/0.0
1360452,,5399.0,car/driveMode/0.0
1360453,,5399.0,car/driveMode/0.0
1360454,,5399.0,car/driveMode/0.0
1360455,,5399.0,car/driveMode/0.0
1360456,,5399.0,car/driveMode/0.0
1360457,,5399.0,car/driveMode/0.0
1360458,,5399.0,car/driveMode/0.0
1360459,,5399.0,car/driveMode/0.0
1360460,,5399.0,car/driveMode/0.0
1360461,,5399.0,car/driveMode/0.0
1360462,,5399.0,car/driveMode/0.0
1360463,,5399.0,car/driveMode/0.0
1360464,,5399.0,car/driveMode/0.0
1360465,,5399.0,car/driveMode/0.0
1360466,,5399.0,car/driveMode/0.0
1360467,,5399.0,car/driveMode/0.0
1360468,,5399.0,car/driveMode/0.0
1360469,,5399.0,car/driveMode/0.0
1360470,,5399.0,car/driveMode/0.0
1360471,,5399.0,car/driveMode/0.0
1360472,,5399.0,car/driveMode/0.0
1360473,,5399.0,car/driveMode/0.0
1360474,,5399.0,car/driveMode/0.0
1360475,,5399.0,car/driveMode/0.0
1360476,,5399.0,car/driveMode/0.0
1360477,,5399.0,car/driveMode/0.0
1360478,,5399.0,car/driveMode/0.0
1360479,,5399.0,car/driveMode/0.0
1360480,,5399.0,car/driveMode/0.0
1360481,,5399.0,car/driveMode/0.0
1360482,,5399.0,car/driveMode/0.0
1360483,,5399.0,car/driveMode/0.0
1360484,,5399.0,car/driveMode/0.0
1360485,,5399.0,car/driveMode/0.0
1360486,,5399.0,car/driveMode/0.0
1360487,,5399.0,car/driveMode/0.0
1360488,,5399.0,car/driveMode/0.0
1360489,,5399.0,car/driveMode/0.0
1360490,,5399.0,car/driveMode/0.0
1360491,,5399.0,car/driveMode/0.0
1360492,,5399.0,car/driveMode/0.0
1360493,,5399.0,car/driveMode/0.0
1360494,,5399.0,car/driveMode/0.0
1360495,,5399.0,car/driveMode/0.0
1360496,,5399.0,car/driveMode/0.0
1360497,,5399.0,car/driveMode/0.0
1360498,,5399.0,car/driveMode/0.0
1360499,,5399.0,car/driveMode/0.0
1360500,,5399.0,car/driveMode/0.0
1360501,,5399.0,car/driveMode/0.0
1360502,,5399.0,car/driveMode/0.0
1360503,,5399.0,car/driveMode/0.0
1360504,,5399.0,car/driveMode/0.0
1360505,,5399.0,car/driveMode/0.0
1360506,,5399.0,car/driveMode/0.0
1360507,,5399.0,car/driveMode/0.0
1360508,,5399.0,car/driveMode/0.0
